Model,Index,Actual,Predicted
Random Forest,0,2,1.2558392433589802
Random Forest,1,2,1.509777401520049
Random Forest,2,3,1.2558392433589802
Random Forest,3,3,1.3597616212290127
Random Forest,4,2,1.6050693889443886
Random Forest,5,2,1.4334441783706493
Random Forest,6,0,1.6466809579309585
Random Forest,7,3,1.0274066489066491
Random Forest,8,3,1.1152637362637363
Random Forest,9,3,1.3352616133866135
Random Forest,10,2,1.3207335303585308
Random Forest,11,0,1.7524124625374626
Random Forest,12,0,1.2814449716949716
Random Forest,13,3,1.1704982517482518
Random Forest,14,2,1.2146256521256522
Random Forest,15,3,0.9513716006216011
Random Forest,16,3,1.2254076438267618
Random Forest,17,1,1.519997127055951
Random Forest,18,0,1.5577906216590431
Random Forest,19,1,1.3597616212290127
Random Forest,20,0,1.7180650107546394
Random Forest,21,1,1.2814449716949716
Random Forest,22,1,0.6826666666666668
Random Forest,23,0,1.5644905535640827
Random Forest,24,1,1.5356929768288132
Random Forest,25,1,1.509777401520049
Random Forest,26,1,1.694013347763348
Random Forest,27,3,0.9513716006216011
Random Forest,28,0,1.7459561206767085
Random Forest,29,2,1.7180650107546394
Random Forest,30,2,1.0743757908757907
Random Forest,31,1,1.748423493173493
Random Forest,32,2,1.3900312091159612
Random Forest,33,0,1.673480491730492
Random Forest,34,0,1.5698240648240642
Random Forest,35,3,1.4891456598956596
Random Forest,36,3,1.6149119491619488
Random Forest,37,1,1.583113055073581
Random Forest,38,0,1.6190727973007386
Random Forest,39,1,1.673480491730492
Random Forest,40,2,1.6494628565878569
Random Forest,41,0,1.6149119491619488
Random Forest,42,0,1.7095070850202427
Random Forest,43,2,1.6904646742146738
Random Forest,44,0,1.5033026695526694
Random Forest,45,1,1.3207335303585308
Random Forest,46,2,1.5157245948495948
Random Forest,47,1,1.3352616133866135
Random Forest,48,1,1.7090828199578194
Random Forest,49,3,1.3994657421182182
Random Forest,50,3,1.474600788100789
Random Forest,51,2,1.0274066489066491
Random Forest,52,2,1.7427178932178933
Random Forest,53,0,1.7090828199578194
Random Forest,54,1,1.694013347763348
Random Forest,55,0,1.6428760398098634
Random Forest,56,2,1.4891456598956596
Random Forest,57,1,1.6904646742146738
Random Forest,58,1,1.6801856199356195
Random Forest,59,3,1.2128217917703212
Random Forest,60,1,1.486477280201739
Random Forest,61,1,1.6170738705738708
Random Forest,62,0,1.7115895770895768
Random Forest,63,2,1.426233159619804
Random Forest,64,3,1.6170738705738708
Random Forest,65,2,1.4835229208785712
Random Forest,66,3,1.2146256521256522
Random Forest,67,0,1.7008339767387748
Random Forest,68,0,1.7736421633921637
Random Forest,69,0,1.5684174779468893
Random Forest,70,3,1.3207335303585308
Random Forest,71,1,1.852275169275169
Random Forest,72,1,1.474600788100789
Random Forest,73,2,1.2146256521256522
Random Forest,74,2,1.3352616133866135
Random Forest,75,3,1.4677707926748176
Random Forest,76,3,1.325702119517909
Random Forest,77,3,1.2090259754865018
Random Forest,78,3,1.3292209595959599
Random Forest,79,1,1.4722975357975363
Random Forest,80,0,1.8129929049708462
Random Forest,81,3,1.326575813075813
Random Forest,82,0,1.7319075646575646
Random Forest,83,0,1.4762480068950656
Random Forest,84,1,1.342989330114331
Random Forest,85,1,1.7427178932178933
Random Forest,86,1,1.7459561206767085
Random Forest,87,2,1.2814449716949716
Random Forest,88,2,1.395028329127014
Random Forest,89,0,1.6015886335886336
Random Forest,90,2,1.5698240648240642
Random Forest,91,2,1.367591380841381
Random Forest,92,3,1.0743757908757907
Random Forest,93,2,1.6466809579309585
Random Forest,94,3,1.5698240648240642
Random Forest,95,2,1.7524124625374626
Random Forest,96,3,1.2254076438267618
Random Forest,97,0,1.5324904116351492
Random Forest,98,0,1.8423526751026749
Random Forest,99,1,1.3207335303585308
Random Forest,100,2,1.6191101398601397
Random Forest,101,1,1.6607560911310912
Random Forest,102,2,1.4891456598956596
Random Forest,103,2,1.6191101398601397
Random Forest,104,0,1.8129929049708462
Random Forest,105,1,1.367591380841381
Random Forest,106,0,1.4454845154845146
Random Forest,107,2,1.64859905780494
Random Forest,108,3,1.5644905535640827
Random Forest,109,3,1.4454845154845146
Random Forest,110,1,1.2109911501896793
Random Forest,111,1,1.5798885469965185
Random Forest,112,2,1.2262176850926851
Random Forest,113,2,1.4625489510489509
Random Forest,114,3,1.1704982517482518
Random Forest,115,0,1.6502416611166606
Random Forest,116,1,1.3927531098932027
Random Forest,117,0,1.5167975162092813
Random Forest,118,2,1.3749123727150048
Random Forest,119,1,1.6844849129628545
Random Forest,120,1,1.6816327944930882
Random Forest,121,3,1.6015886335886336
Random Forest,122,1,1.419508939589822
Random Forest,123,1,1.6494628565878569
Random Forest,124,1,0.6826666666666668
Random Forest,125,3,1.748423493173493
Random Forest,126,1,1.7090828199578194
Random Forest,127,3,1.2128217917703212
Random Forest,128,1,1.7095070850202427
Random Forest,129,1,1.5324904116351492
Random Forest,130,3,1.0274066489066491
Random Forest,131,1,1.6607560911310912
Random Forest,132,2,1.326575813075813
Random Forest,133,1,1.3352616133866135
Random Forest,134,3,1.4625489510489509
Random Forest,135,1,1.5644905535640827
Random Forest,136,3,1.1535454129204128
Random Forest,137,0,1.7524124625374626
Random Forest,138,2,1.3221962481962481
Random Forest,139,0,1.5117750582750586
Random Forest,140,1,1.5413648446067172
Random Forest,141,2,1.1152637362637363
Random Forest,142,0,1.767785908535909
Random Forest,143,3,0.6826666666666668
Random Forest,144,0,1.4677707926748176
Random Forest,145,1,1.3292209595959599
Random Forest,146,0,1.4625489510489509
Random Forest,147,2,1.3128170081552428
Random Forest,148,0,1.6399743867243868
Random Forest,149,1,1.4749381063982456
Random Forest,150,1,1.5033026695526694
Random Forest,151,3,1.673480491730492
Random Forest,152,3,1.7427178932178933
Random Forest,153,0,1.767785908535909
Random Forest,154,2,1.7459561206767085
Random Forest,155,0,1.4773455270219982
Random Forest,156,0,1.694013347763348
Random Forest,157,2,1.3772639305139303
Random Forest,158,0,1.748423493173493
Random Forest,159,1,1.1535454129204128
Random Forest,160,2,1.3292209595959599
Random Forest,161,0,1.6494628565878569
Random Forest,162,3,1.3128170081552428
Random Forest,163,1,1.542723901098901
Random Forest,164,2,1.4749381063982456
Random Forest,165,1,1.4835229208785712
Random Forest,166,1,1.55079200447815
Random Forest,167,2,1.0743757908757907
Random Forest,168,2,1.37270993467317
Random Forest,169,3,1.342989330114331
Random Forest,170,3,0.6826666666666668
Random Forest,171,2,0.9513716006216011
Random Forest,172,1,1.6149119491619488
Random Forest,173,3,1.2262176850926851
Random Forest,174,2,1.37270993467317
Random Forest,175,2,1.7427178932178933
Random Forest,176,1,1.5105125616557509
Random Forest,177,3,1.1704982517482518
Random Forest,178,3,1.6399743867243868
Random Forest,179,1,1.679531162464986
Random Forest,180,2,1.6399743867243868
Random Forest,181,2,0.9513716006216011
Random Forest,182,3,1.6547075147075145
Random Forest,183,0,1.4964468864468865
Random Forest,184,1,1.4372066822066825
Random Forest,185,1,1.5157245948495948
Random Forest,186,0,1.6506594745124148
Random Forest,187,2,1.2109911501896793
Random Forest,188,3,1.2659244644244645
Random Forest,189,1,1.429719101160278
Random Forest,190,2,1.3749123727150048
Random Forest,191,0,1.6412131202131213
Random Forest,192,3,1.6502416611166606
Random Forest,193,0,1.6547075147075145
Random Forest,194,3,1.4372066822066825
Random Forest,195,2,1.5288350800386397
Random Forest,196,2,1.4454845154845146
Random Forest,197,0,1.852275169275169
Random Forest,198,3,1.3261540093893038
Random Forest,199,1,1.5698240648240642
Random Forest,200,3,1.3772639305139303
Random Forest,201,3,1.4208672993672988
Random Forest,202,2,1.474600788100789
Random Forest,203,2,1.6816327944930882
Random Forest,204,1,1.5117750582750586
Random Forest,205,1,1.5779293350698151
Random Forest,206,1,1.3530877674956625
Random Forest,207,2,0.6826666666666668
Random Forest,208,0,1.4208672993672988
Random Forest,209,0,1.542723901098901
Random Forest,210,0,1.1704982517482518
Random Forest,211,1,1.639620061311238
Random Forest,212,0,1.7427178932178933
Random Forest,213,0,1.7827874323389026
Random Forest,214,1,1.4372066822066825
Random Forest,215,3,1.6149119491619488
Random Forest,216,0,1.6801856199356195
Random Forest,217,2,1.7115895770895768
Random Forest,218,1,1.6072541029232204
Random Forest,219,0,1.6245186202686204
Random Forest,220,0,1.6816327944930882
Random Forest,221,2,1.1535454129204128
Random Forest,222,0,1.474600788100789
Random Forest,223,2,1.767785908535909
Random Forest,224,0,1.6050693889443886
Random Forest,225,0,1.6502416611166606
Random Forest,226,0,1.5844927678530618
Random Forest,227,1,1.6399743867243868
Random Forest,228,3,1.5577906216590431
Random Forest,229,2,1.395028329127014
Random Forest,230,3,1.429719101160278
Random Forest,231,1,1.6466809579309585
Random Forest,232,3,0.6826666666666668
Random Forest,233,0,1.4812533704255844
Random Forest,234,3,1.1152637362637363
Random Forest,235,2,1.4722975357975363
Random Forest,236,3,1.5033026695526694
Random Forest,237,1,1.679531162464986
Random Forest,238,0,1.6720821441630265
Random Forest,239,2,1.3221962481962481
Random Forest,240,2,1.3597616212290127
Random Forest,241,2,1.326575813075813
Random Forest,242,3,1.5117750582750586
Random Forest,243,0,1.3221962481962481
Random Forest,244,0,1.6547075147075145
Random Forest,245,1,1.3128170081552428
Random Forest,246,1,1.3156520841129975
Random Forest,247,0,1.5923148343744324
Random Forest,248,3,1.419508939589822
Random Forest,249,2,1.2109911501896793
Random Forest,250,0,1.6015886335886336
Random Forest,251,3,1.4762480068950656
Random Forest,252,3,1.5324904116351492
Random Forest,253,0,1.7427178932178933
Random Forest,254,2,1.6015886335886336
Random Forest,255,1,1.5577906216590431
Random Forest,256,0,1.6904646742146738
Random Forest,257,1,1.4208672993672988
Random Forest,258,3,1.5167975162092813
Random Forest,259,0,1.3221962481962481
Random Forest,260,2,1.852275169275169
Random Forest,261,1,1.7115895770895768
Random Forest,262,0,1.6149119491619488
Random Forest,263,1,1.7180650107546394
Random Forest,264,3,1.4812533704255844
Random Forest,265,1,1.367591380841381
Random Forest,266,1,1.6399743867243868
Random Forest,267,3,1.367591380841381
Random Forest,268,2,1.325702119517909
Random Forest,269,0,1.3261540093893038
Random Forest,270,1,0.9513716006216011
Random Forest,271,1,1.7319075646575646
Random Forest,272,2,1.429719101160278
Random Forest,273,3,1.3698858692047549
Random Forest,274,2,1.5033026695526694
Random Forest,275,0,1.7736421633921637
Random Forest,276,0,1.5687341302488367
Random Forest,277,3,1.7736421633921637
Random Forest,278,2,1.7736421633921637
Random Forest,279,1,1.3772639305139303
Random Forest,280,3,1.2814449716949716
Random Forest,281,3,1.542723901098901
Random Forest,282,1,1.6399743867243868
Random Forest,283,2,1.6428760398098634
Random Forest,284,1,1.7736421633921637
Random Forest,285,3,1.4964468864468865
Random Forest,286,0,1.7827874323389026
Random Forest,287,1,1.4762480068950656
Random Forest,288,3,1.7319075646575646
Random Forest,289,1,1.748423493173493
Random Forest,290,2,1.4762480068950656
Random Forest,291,2,1.130989900450427
Random Forest,292,3,1.4594917419182127
Random Forest,293,3,1.4208672993672988
Random Forest,294,3,1.2814449716949716
Random Forest,295,1,1.4624271240455458
Random Forest,296,1,1.7008339767387748
Random Forest,297,1,1.5916189663879294
Random Forest,298,0,1.8423526751026749
Random Forest,299,3,1.3221962481962481
Random Forest,300,1,1.4334441783706493
Random Forest,301,2,1.4680992646844035
Random Forest,302,0,1.4891456598956596
Random Forest,303,3,1.3221962481962481
Random Forest,304,3,1.4773455270219982
Random Forest,305,2,1.3900312091159612
Random Forest,306,0,1.6170738705738708
Random Forest,307,0,1.636578733701798
Random Forest,308,2,1.488528835113975
Random Forest,309,2,1.8423526751026749
Random Forest,310,2,1.4624271240455458
Random Forest,311,3,1.3156520841129975
Random Forest,312,2,1.0743757908757907
Random Forest,313,3,1.130989900450427
Random Forest,314,0,1.6191101398601397
Random Forest,315,1,1.6506594745124148
Random Forest,316,3,1.383920104434037
Random Forest,317,3,1.5687341302488367
Random Forest,318,1,1.7736421633921637
Random Forest,319,3,1.2090259754865018
Random Forest,320,1,1.6072541029232204
Random Forest,321,3,1.2109911501896793
Random Forest,322,3,1.402242929456165
Random Forest,323,1,1.748423493173493
Random Forest,324,3,1.130989900450427
Random Forest,325,1,1.8423526751026749
Random Forest,326,0,1.7319075646575646
Random Forest,327,2,1.6412131202131213
Random Forest,328,1,1.4891456598956596
Random Forest,329,0,1.639620061311238
Random Forest,330,0,1.64859905780494
Random Forest,331,3,1.3530877674956625
Random Forest,332,1,1.673480491730492
Random Forest,333,3,1.3261540093893038
Random Forest,334,3,1.3927531098932027
Random Forest,335,2,1.694013347763348
Random Forest,336,2,1.6607560911310912
Random Forest,337,2,0.6826666666666668
Random Forest,338,0,1.326575813075813
Random Forest,339,0,1.852275169275169
Random Forest,340,1,1.6191101398601397
Random Forest,341,3,1.1535454129204128
Random Forest,342,2,1.5117750582750586
Random Forest,343,0,1.6844849129628545
Random Forest,344,3,1.4722975357975363
Random Forest,345,2,1.4624271240455458
Bagging Regressor,0,2,1.1143578643578647
Bagging Regressor,1,2,1.6541666666666668
Bagging Regressor,2,3,1.1143578643578647
Bagging Regressor,3,3,1.2099585921325053
Bagging Regressor,4,2,1.5939810189810193
Bagging Regressor,5,2,1.7179059829059828
Bagging Regressor,6,0,1.697936507936508
Bagging Regressor,7,3,1.142849927849928
Bagging Regressor,8,3,1.1593589743589745
Bagging Regressor,9,3,1.5230735930735932
Bagging Regressor,10,2,1.3235214785214784
Bagging Regressor,11,0,1.8769444444444443
Bagging Regressor,12,0,1.4020634920634922
Bagging Regressor,13,3,1.1154834054834055
Bagging Regressor,14,2,1.1819805194805195
Bagging Regressor,15,3,0.9246031746031745
Bagging Regressor,16,3,1.2976312576312579
Bagging Regressor,17,1,1.592038517038517
Bagging Regressor,18,0,1.6278626490468597
Bagging Regressor,19,1,1.2099585921325053
Bagging Regressor,20,0,1.8481962481962484
Bagging Regressor,21,1,1.4020634920634922
Bagging Regressor,22,1,0.6971428571428573
Bagging Regressor,23,0,1.7069985569985568
Bagging Regressor,24,1,1.6147619047619048
Bagging Regressor,25,1,1.6541666666666668
Bagging Regressor,26,1,1.7421861471861468
Bagging Regressor,27,3,0.9246031746031745
Bagging Regressor,28,0,1.67555944055944
Bagging Regressor,29,2,1.8481962481962484
Bagging Regressor,30,2,1.1189743589743588
Bagging Regressor,31,1,1.744404761904762
Bagging Regressor,32,2,1.402045666751549
Bagging Regressor,33,0,1.6486507936507937
Bagging Regressor,34,0,1.4162859362859364
Bagging Regressor,35,3,1.5745238095238097
Bagging Regressor,36,3,1.543452380952381
Bagging Regressor,37,1,1.5840132090132089
Bagging Regressor,38,0,1.690050505050505
Bagging Regressor,39,1,1.6486507936507937
Bagging Regressor,40,2,1.5158008658008657
Bagging Regressor,41,0,1.543452380952381
Bagging Regressor,42,0,1.6922134882661197
Bagging Regressor,43,2,1.6329076479076476
Bagging Regressor,44,0,1.5766666666666667
Bagging Regressor,45,1,1.3235214785214784
Bagging Regressor,46,2,1.4577319902319903
Bagging Regressor,47,1,1.5230735930735932
Bagging Regressor,48,1,1.7132356532356532
Bagging Regressor,49,3,1.2495995670995672
Bagging Regressor,50,3,1.6445238095238097
Bagging Regressor,51,2,1.142849927849928
Bagging Regressor,52,2,1.9051948051948053
Bagging Regressor,53,0,1.7132356532356532
Bagging Regressor,54,1,1.7421861471861468
Bagging Regressor,55,0,1.56980463980464
Bagging Regressor,56,2,1.5745238095238097
Bagging Regressor,57,1,1.6329076479076476
Bagging Regressor,58,1,1.671796536796537
Bagging Regressor,59,3,1.1963053613053614
Bagging Regressor,60,1,1.4763827349121468
Bagging Regressor,61,1,1.6974775224775223
Bagging Regressor,62,0,1.4969322344322347
Bagging Regressor,63,2,1.5268477355977357
Bagging Regressor,64,3,1.6974775224775223
Bagging Regressor,65,2,1.4631764069264068
Bagging Regressor,66,3,1.1819805194805195
Bagging Regressor,67,0,1.596596099978453
Bagging Regressor,68,0,2.0119480519480524
Bagging Regressor,69,0,1.5137759952465835
Bagging Regressor,70,3,1.3235214785214784
Bagging Regressor,71,1,1.8796969696969696
Bagging Regressor,72,1,1.6445238095238097
Bagging Regressor,73,2,1.1819805194805195
Bagging Regressor,74,2,1.5230735930735932
Bagging Regressor,75,3,1.3967282717282719
Bagging Regressor,76,3,1.2201036682615631
Bagging Regressor,77,3,1.080536408036408
Bagging Regressor,78,3,1.38625
Bagging Regressor,79,1,1.4954761904761902
Bagging Regressor,80,0,1.7525396825396828
Bagging Regressor,81,3,1.3062759462759463
Bagging Regressor,82,0,1.7652780552780551
Bagging Regressor,83,0,1.579657287157287
Bagging Regressor,84,1,1.3531801531801533
Bagging Regressor,85,1,1.9051948051948053
Bagging Regressor,86,1,1.67555944055944
Bagging Regressor,87,2,1.4020634920634922
Bagging Regressor,88,2,1.3988444888444886
Bagging Regressor,89,0,1.4163095238095238
Bagging Regressor,90,2,1.4162859362859364
Bagging Regressor,91,2,1.4202777777777778
Bagging Regressor,92,3,1.1189743589743588
Bagging Regressor,93,2,1.697936507936508
Bagging Regressor,94,3,1.4162859362859364
Bagging Regressor,95,2,1.8769444444444443
Bagging Regressor,96,3,1.2976312576312579
Bagging Regressor,97,0,1.4659817959817962
Bagging Regressor,98,0,1.6459776334776337
Bagging Regressor,99,1,1.3235214785214784
Bagging Regressor,100,2,1.6642857142857146
Bagging Regressor,101,1,1.7265873015873017
Bagging Regressor,102,2,1.5745238095238097
Bagging Regressor,103,2,1.6642857142857146
Bagging Regressor,104,0,1.7525396825396828
Bagging Regressor,105,1,1.4202777777777778
Bagging Regressor,106,0,1.2676623376623377
Bagging Regressor,107,2,1.5267918192918193
Bagging Regressor,108,3,1.7069985569985568
Bagging Regressor,109,3,1.2676623376623377
Bagging Regressor,110,1,1.2075
Bagging Regressor,111,1,1.7117171717171715
Bagging Regressor,112,2,1.145994005994006
Bagging Regressor,113,2,1.411431623931624
Bagging Regressor,114,3,1.1154834054834055
Bagging Regressor,115,0,1.5442352092352092
Bagging Regressor,116,1,1.4184677603098657
Bagging Regressor,117,0,1.5152200577200579
Bagging Regressor,118,2,1.302361111111111
Bagging Regressor,119,1,1.727478354978355
Bagging Regressor,120,1,1.790631868131868
Bagging Regressor,121,3,1.4163095238095238
Bagging Regressor,122,1,1.4529756354756356
Bagging Regressor,123,1,1.5158008658008657
Bagging Regressor,124,1,0.6971428571428573
Bagging Regressor,125,3,1.744404761904762
Bagging Regressor,126,1,1.7132356532356532
Bagging Regressor,127,3,1.1963053613053614
Bagging Regressor,128,1,1.6922134882661197
Bagging Regressor,129,1,1.4659817959817962
Bagging Regressor,130,3,1.142849927849928
Bagging Regressor,131,1,1.7265873015873017
Bagging Regressor,132,2,1.3062759462759463
Bagging Regressor,133,1,1.5230735930735932
Bagging Regressor,134,3,1.411431623931624
Bagging Regressor,135,1,1.7069985569985568
Bagging Regressor,136,3,1.1149664224664224
Bagging Regressor,137,0,1.8769444444444443
Bagging Regressor,138,2,1.1976262626262626
Bagging Regressor,139,0,1.4660317460317462
Bagging Regressor,140,1,1.5071270396270395
Bagging Regressor,141,2,1.1593589743589745
Bagging Regressor,142,0,1.5813131313131314
Bagging Regressor,143,3,0.6971428571428573
Bagging Regressor,144,0,1.3967282717282719
Bagging Regressor,145,1,1.38625
Bagging Regressor,146,0,1.411431623931624
Bagging Regressor,147,2,1.4321428571428572
Bagging Regressor,148,0,1.812142857142857
Bagging Regressor,149,1,1.3182284382284382
Bagging Regressor,150,1,1.5766666666666667
Bagging Regressor,151,3,1.6486507936507937
Bagging Regressor,152,3,1.9051948051948053
Bagging Regressor,153,0,1.5813131313131314
Bagging Regressor,154,2,1.67555944055944
Bagging Regressor,155,0,1.4852836052836051
Bagging Regressor,156,0,1.7421861471861468
Bagging Regressor,157,2,1.103932178932179
Bagging Regressor,158,0,1.744404761904762
Bagging Regressor,159,1,1.1149664224664224
Bagging Regressor,160,2,1.38625
Bagging Regressor,161,0,1.5158008658008657
Bagging Regressor,162,3,1.4321428571428572
Bagging Regressor,163,1,1.7184615384615385
Bagging Regressor,164,2,1.3182284382284382
Bagging Regressor,165,1,1.4631764069264068
Bagging Regressor,166,1,1.6425
Bagging Regressor,167,2,1.1189743589743588
Bagging Regressor,168,2,1.4945833333333334
Bagging Regressor,169,3,1.3531801531801533
Bagging Regressor,170,3,0.6971428571428573
Bagging Regressor,171,2,0.9246031746031745
Bagging Regressor,172,1,1.543452380952381
Bagging Regressor,173,3,1.145994005994006
Bagging Regressor,174,2,1.4945833333333334
Bagging Regressor,175,2,1.9051948051948053
Bagging Regressor,176,1,1.4717599067599065
Bagging Regressor,177,3,1.1154834054834055
Bagging Regressor,178,3,1.812142857142857
Bagging Regressor,179,1,1.6652597402597404
Bagging Regressor,180,2,1.812142857142857
Bagging Regressor,181,2,0.9246031746031745
Bagging Regressor,182,3,1.5983333333333332
Bagging Regressor,183,0,1.5552029914529917
Bagging Regressor,184,1,1.423939393939394
Bagging Regressor,185,1,1.4577319902319903
Bagging Regressor,186,0,1.6639213564213562
Bagging Regressor,187,2,1.2075
Bagging Regressor,188,3,1.3173459873459872
Bagging Regressor,189,1,1.6146356421356423
Bagging Regressor,190,2,1.302361111111111
Bagging Regressor,191,0,1.5274747474747474
Bagging Regressor,192,3,1.5442352092352092
Bagging Regressor,193,0,1.5983333333333332
Bagging Regressor,194,3,1.423939393939394
Bagging Regressor,195,2,1.5259559884559883
Bagging Regressor,196,2,1.2676623376623377
Bagging Regressor,197,0,1.8796969696969696
Bagging Regressor,198,3,1.484062049062049
Bagging Regressor,199,1,1.4162859362859364
Bagging Regressor,200,3,1.103932178932179
Bagging Regressor,201,3,1.4584523809523808
Bagging Regressor,202,2,1.6445238095238097
Bagging Regressor,203,2,1.790631868131868
Bagging Regressor,204,1,1.4660317460317462
Bagging Regressor,205,1,1.5141774891774893
Bagging Regressor,206,1,1.3768020868020867
Bagging Regressor,207,2,0.6971428571428573
Bagging Regressor,208,0,1.4584523809523808
Bagging Regressor,209,0,1.7184615384615385
Bagging Regressor,210,0,1.1154834054834055
Bagging Regressor,211,1,1.7239880952380955
Bagging Regressor,212,0,1.9051948051948053
Bagging Regressor,213,0,1.6908441558441556
Bagging Regressor,214,1,1.423939393939394
Bagging Regressor,215,3,1.543452380952381
Bagging Regressor,216,0,1.671796536796537
Bagging Regressor,217,2,1.4969322344322347
Bagging Regressor,218,1,1.6779224043929926
Bagging Regressor,219,0,1.4859992784992786
Bagging Regressor,220,0,1.790631868131868
Bagging Regressor,221,2,1.1149664224664224
Bagging Regressor,222,0,1.6445238095238097
Bagging Regressor,223,2,1.5813131313131314
Bagging Regressor,224,0,1.5939810189810193
Bagging Regressor,225,0,1.5442352092352092
Bagging Regressor,226,0,1.4529273504273506
Bagging Regressor,227,1,1.812142857142857
Bagging Regressor,228,3,1.6278626490468597
Bagging Regressor,229,2,1.3988444888444886
Bagging Regressor,230,3,1.6146356421356423
Bagging Regressor,231,1,1.697936507936508
Bagging Regressor,232,3,0.6971428571428573
Bagging Regressor,233,0,1.7513326585695008
Bagging Regressor,234,3,1.1593589743589745
Bagging Regressor,235,2,1.4954761904761902
Bagging Regressor,236,3,1.5766666666666667
Bagging Regressor,237,1,1.6652597402597404
Bagging Regressor,238,0,1.6977084027084026
Bagging Regressor,239,2,1.1976262626262626
Bagging Regressor,240,2,1.2099585921325053
Bagging Regressor,241,2,1.3062759462759463
Bagging Regressor,242,3,1.4660317460317462
Bagging Regressor,243,0,1.1976262626262626
Bagging Regressor,244,0,1.5983333333333332
Bagging Regressor,245,1,1.4321428571428572
Bagging Regressor,246,1,1.0993506493506493
Bagging Regressor,247,0,1.4563186813186815
Bagging Regressor,248,3,1.4529756354756356
Bagging Regressor,249,2,1.2075
Bagging Regressor,250,0,1.4163095238095238
Bagging Regressor,251,3,1.579657287157287
Bagging Regressor,252,3,1.4659817959817962
Bagging Regressor,253,0,1.9051948051948053
Bagging Regressor,254,2,1.4163095238095238
Bagging Regressor,255,1,1.6278626490468597
Bagging Regressor,256,0,1.6329076479076476
Bagging Regressor,257,1,1.4584523809523808
Bagging Regressor,258,3,1.5152200577200579
Bagging Regressor,259,0,1.1976262626262626
Bagging Regressor,260,2,1.8796969696969696
Bagging Regressor,261,1,1.4969322344322347
Bagging Regressor,262,0,1.543452380952381
Bagging Regressor,263,1,1.8481962481962484
Bagging Regressor,264,3,1.7513326585695008
Bagging Regressor,265,1,1.4202777777777778
Bagging Regressor,266,1,1.812142857142857
Bagging Regressor,267,3,1.4202777777777778
Bagging Regressor,268,2,1.2201036682615631
Bagging Regressor,269,0,1.484062049062049
Bagging Regressor,270,1,0.9246031746031745
Bagging Regressor,271,1,1.7652780552780551
Bagging Regressor,272,2,1.6146356421356423
Bagging Regressor,273,3,1.2028280053280054
Bagging Regressor,274,2,1.5766666666666667
Bagging Regressor,275,0,2.0119480519480524
Bagging Regressor,276,0,1.7455808080808084
Bagging Regressor,277,3,2.0119480519480524
Bagging Regressor,278,2,2.0119480519480524
Bagging Regressor,279,1,1.103932178932179
Bagging Regressor,280,3,1.4020634920634922
Bagging Regressor,281,3,1.7184615384615385
Bagging Regressor,282,1,1.812142857142857
Bagging Regressor,283,2,1.56980463980464
Bagging Regressor,284,1,2.0119480519480524
Bagging Regressor,285,3,1.5552029914529917
Bagging Regressor,286,0,1.6908441558441556
Bagging Regressor,287,1,1.579657287157287
Bagging Regressor,288,3,1.7652780552780551
Bagging Regressor,289,1,1.744404761904762
Bagging Regressor,290,2,1.579657287157287
Bagging Regressor,291,2,0.9434065934065934
Bagging Regressor,292,3,1.421547619047619
Bagging Regressor,293,3,1.4584523809523808
Bagging Regressor,294,3,1.4020634920634922
Bagging Regressor,295,1,1.403785103785104
Bagging Regressor,296,1,1.596596099978453
Bagging Regressor,297,1,1.738661616161616
Bagging Regressor,298,0,1.6459776334776337
Bagging Regressor,299,3,1.1976262626262626
Bagging Regressor,300,1,1.7179059829059828
Bagging Regressor,301,2,1.367751105104046
Bagging Regressor,302,0,1.5745238095238097
Bagging Regressor,303,3,1.1976262626262626
Bagging Regressor,304,3,1.4852836052836051
Bagging Regressor,305,2,1.402045666751549
Bagging Regressor,306,0,1.6974775224775223
Bagging Regressor,307,0,1.7114684661743484
Bagging Regressor,308,2,1.499575147075147
Bagging Regressor,309,2,1.6459776334776337
Bagging Regressor,310,2,1.403785103785104
Bagging Regressor,311,3,1.0993506493506493
Bagging Regressor,312,2,1.1189743589743588
Bagging Regressor,313,3,0.9434065934065934
Bagging Regressor,314,0,1.6642857142857146
Bagging Regressor,315,1,1.6639213564213562
Bagging Regressor,316,3,1.2435327635327635
Bagging Regressor,317,3,1.7455808080808084
Bagging Regressor,318,1,2.0119480519480524
Bagging Regressor,319,3,1.080536408036408
Bagging Regressor,320,1,1.6779224043929926
Bagging Regressor,321,3,1.2075
Bagging Regressor,322,3,1.4867338217338217
Bagging Regressor,323,1,1.744404761904762
Bagging Regressor,324,3,0.9434065934065934
Bagging Regressor,325,1,1.6459776334776337
Bagging Regressor,326,0,1.7652780552780551
Bagging Regressor,327,2,1.5274747474747474
Bagging Regressor,328,1,1.5745238095238097
Bagging Regressor,329,0,1.7239880952380955
Bagging Regressor,330,0,1.5267918192918193
Bagging Regressor,331,3,1.3768020868020867
Bagging Regressor,332,1,1.6486507936507937
Bagging Regressor,333,3,1.484062049062049
Bagging Regressor,334,3,1.4184677603098657
Bagging Regressor,335,2,1.7421861471861468
Bagging Regressor,336,2,1.7265873015873017
Bagging Regressor,337,2,0.6971428571428573
Bagging Regressor,338,0,1.3062759462759463
Bagging Regressor,339,0,1.8796969696969696
Bagging Regressor,340,1,1.6642857142857146
Bagging Regressor,341,3,1.1149664224664224
Bagging Regressor,342,2,1.4660317460317462
Bagging Regressor,343,0,1.727478354978355
Bagging Regressor,344,3,1.4954761904761902
Bagging Regressor,345,2,1.403785103785104
Decision Tree,0,2,1.3
Decision Tree,1,2,1.5
Decision Tree,2,3,1.3
Decision Tree,3,3,1.3333333333333333
Decision Tree,4,2,1.6
Decision Tree,5,2,1.5
Decision Tree,6,0,1.6666666666666667
Decision Tree,7,3,1.1111111111111112
Decision Tree,8,3,1.1111111111111112
Decision Tree,9,3,1.375
Decision Tree,10,2,1.375
Decision Tree,11,0,1.7777777777777777
Decision Tree,12,0,1.2857142857142858
Decision Tree,13,3,1.125
Decision Tree,14,2,1.2222222222222223
Decision Tree,15,3,1.0
Decision Tree,16,3,1.2
Decision Tree,17,1,1.5454545454545454
Decision Tree,18,0,1.5555555555555556
Decision Tree,19,1,1.3333333333333333
Decision Tree,20,0,1.6666666666666667
Decision Tree,21,1,1.2857142857142858
Decision Tree,22,1,0.6
Decision Tree,23,0,1.5555555555555556
Decision Tree,24,1,1.5454545454545454
Decision Tree,25,1,1.5
Decision Tree,26,1,1.75
Decision Tree,27,3,1.0
Decision Tree,28,0,1.6666666666666667
Decision Tree,29,2,1.6666666666666667
Decision Tree,30,2,1.125
Decision Tree,31,1,1.7142857142857142
Decision Tree,32,2,1.4
Decision Tree,33,0,1.625
Decision Tree,34,0,1.5
Decision Tree,35,3,1.4285714285714286
Decision Tree,36,3,1.5714285714285714
Decision Tree,37,1,1.5454545454545454
Decision Tree,38,0,1.6363636363636365
Decision Tree,39,1,1.625
Decision Tree,40,2,1.6666666666666667
Decision Tree,41,0,1.5714285714285714
Decision Tree,42,0,1.7
Decision Tree,43,2,1.6666666666666667
Decision Tree,44,0,1.5
Decision Tree,45,1,1.375
Decision Tree,46,2,1.5
Decision Tree,47,1,1.375
Decision Tree,48,1,1.7777777777777777
Decision Tree,49,3,1.3636363636363635
Decision Tree,50,3,1.5
Decision Tree,51,2,1.1111111111111112
Decision Tree,52,2,1.6666666666666667
Decision Tree,53,0,1.7777777777777777
Decision Tree,54,1,1.75
Decision Tree,55,0,1.6
Decision Tree,56,2,1.4285714285714286
Decision Tree,57,1,1.6666666666666667
Decision Tree,58,1,1.7
Decision Tree,59,3,1.2
Decision Tree,60,1,1.5454545454545454
Decision Tree,61,1,1.5555555555555556
Decision Tree,62,0,1.6666666666666667
Decision Tree,63,2,1.4545454545454546
Decision Tree,64,3,1.5555555555555556
Decision Tree,65,2,1.5
Decision Tree,66,3,1.2222222222222223
Decision Tree,67,0,1.7
Decision Tree,68,0,1.8333333333333333
Decision Tree,69,0,1.6363636363636365
Decision Tree,70,3,1.375
Decision Tree,71,1,1.875
Decision Tree,72,1,1.5
Decision Tree,73,2,1.2222222222222223
Decision Tree,74,2,1.375
Decision Tree,75,3,1.5
Decision Tree,76,3,1.3
Decision Tree,77,3,1.2
Decision Tree,78,3,1.3333333333333333
Decision Tree,79,1,1.3333333333333333
Decision Tree,80,0,1.8
Decision Tree,81,3,1.375
Decision Tree,82,0,1.75
Decision Tree,83,0,1.5
Decision Tree,84,1,1.4
Decision Tree,85,1,1.6666666666666667
Decision Tree,86,1,1.6666666666666667
Decision Tree,87,2,1.2857142857142858
Decision Tree,88,2,1.4
Decision Tree,89,0,1.625
Decision Tree,90,2,1.5
Decision Tree,91,2,1.375
Decision Tree,92,3,1.125
Decision Tree,93,2,1.6666666666666667
Decision Tree,94,3,1.5
Decision Tree,95,2,1.7777777777777777
Decision Tree,96,3,1.2
Decision Tree,97,0,1.5555555555555556
Decision Tree,98,0,1.875
Decision Tree,99,1,1.375
Decision Tree,100,2,1.625
Decision Tree,101,1,1.5555555555555556
Decision Tree,102,2,1.4285714285714286
Decision Tree,103,2,1.625
Decision Tree,104,0,1.8
Decision Tree,105,1,1.375
Decision Tree,106,0,1.4444444444444444
Decision Tree,107,2,1.6
Decision Tree,108,3,1.5555555555555556
Decision Tree,109,3,1.4444444444444444
Decision Tree,110,1,1.25
Decision Tree,111,1,1.5454545454545454
Decision Tree,112,2,1.3
Decision Tree,113,2,1.4444444444444444
Decision Tree,114,3,1.125
Decision Tree,115,0,1.6666666666666667
Decision Tree,116,1,1.4
Decision Tree,117,0,1.5
Decision Tree,118,2,1.4
Decision Tree,119,1,1.7
Decision Tree,120,1,1.6666666666666667
Decision Tree,121,3,1.625
Decision Tree,122,1,1.4
Decision Tree,123,1,1.6666666666666667
Decision Tree,124,1,0.6
Decision Tree,125,3,1.7142857142857142
Decision Tree,126,1,1.7777777777777777
Decision Tree,127,3,1.2
Decision Tree,128,1,1.7
Decision Tree,129,1,1.5555555555555556
Decision Tree,130,3,1.1111111111111112
Decision Tree,131,1,1.5555555555555556
Decision Tree,132,2,1.375
Decision Tree,133,1,1.375
Decision Tree,134,3,1.4444444444444444
Decision Tree,135,1,1.5555555555555556
Decision Tree,136,3,1.125
Decision Tree,137,0,1.7777777777777777
Decision Tree,138,2,1.3333333333333333
Decision Tree,139,0,1.5
Decision Tree,140,1,1.5454545454545454
Decision Tree,141,2,1.1111111111111112
Decision Tree,142,0,1.7777777777777777
Decision Tree,143,3,0.6
Decision Tree,144,0,1.5
Decision Tree,145,1,1.3333333333333333
Decision Tree,146,0,1.4444444444444444
Decision Tree,147,2,1.3333333333333333
Decision Tree,148,0,1.6666666666666667
Decision Tree,149,1,1.5
Decision Tree,150,1,1.5
Decision Tree,151,3,1.625
Decision Tree,152,3,1.6666666666666667
Decision Tree,153,0,1.7777777777777777
Decision Tree,154,2,1.6666666666666667
Decision Tree,155,0,1.5
Decision Tree,156,0,1.75
Decision Tree,157,2,1.3333333333333333
Decision Tree,158,0,1.7142857142857142
Decision Tree,159,1,1.125
Decision Tree,160,2,1.3333333333333333
Decision Tree,161,0,1.6666666666666667
Decision Tree,162,3,1.3333333333333333
Decision Tree,163,1,1.5555555555555556
Decision Tree,164,2,1.5
Decision Tree,165,1,1.5
Decision Tree,166,1,1.5454545454545454
Decision Tree,167,2,1.125
Decision Tree,168,2,1.4
Decision Tree,169,3,1.4
Decision Tree,170,3,0.6
Decision Tree,171,2,1.0
Decision Tree,172,1,1.5714285714285714
Decision Tree,173,3,1.3
Decision Tree,174,2,1.4
Decision Tree,175,2,1.6666666666666667
Decision Tree,176,1,1.5454545454545454
Decision Tree,177,3,1.125
Decision Tree,178,3,1.6666666666666667
Decision Tree,179,1,1.6
Decision Tree,180,2,1.6666666666666667
Decision Tree,181,2,1.0
Decision Tree,182,3,1.6666666666666667
Decision Tree,183,0,1.5
Decision Tree,184,1,1.4444444444444444
Decision Tree,185,1,1.5
Decision Tree,186,0,1.7
Decision Tree,187,2,1.25
Decision Tree,188,3,1.3636363636363635
Decision Tree,189,1,1.3333333333333333
Decision Tree,190,2,1.4
Decision Tree,191,0,1.6
Decision Tree,192,3,1.6666666666666667
Decision Tree,193,0,1.6666666666666667
Decision Tree,194,3,1.4444444444444444
Decision Tree,195,2,1.4545454545454546
Decision Tree,196,2,1.4444444444444444
Decision Tree,197,0,1.875
Decision Tree,198,3,1.3333333333333333
Decision Tree,199,1,1.5
Decision Tree,200,3,1.3333333333333333
Decision Tree,201,3,1.375
Decision Tree,202,2,1.5
Decision Tree,203,2,1.6666666666666667
Decision Tree,204,1,1.5
Decision Tree,205,1,1.5454545454545454
Decision Tree,206,1,1.4
Decision Tree,207,2,0.6
Decision Tree,208,0,1.375
Decision Tree,209,0,1.5555555555555556
Decision Tree,210,0,1.125
Decision Tree,211,1,1.7
Decision Tree,212,0,1.6666666666666667
Decision Tree,213,0,1.8
Decision Tree,214,1,1.4444444444444444
Decision Tree,215,3,1.5714285714285714
Decision Tree,216,0,1.7
Decision Tree,217,2,1.6666666666666667
Decision Tree,218,1,1.6
Decision Tree,219,0,1.6363636363636365
Decision Tree,220,0,1.6666666666666667
Decision Tree,221,2,1.125
Decision Tree,222,0,1.5
Decision Tree,223,2,1.7777777777777777
Decision Tree,224,0,1.6
Decision Tree,225,0,1.6666666666666667
Decision Tree,226,0,1.6363636363636365
Decision Tree,227,1,1.6666666666666667
Decision Tree,228,3,1.5555555555555556
Decision Tree,229,2,1.4
Decision Tree,230,3,1.3333333333333333
Decision Tree,231,1,1.6666666666666667
Decision Tree,232,3,0.6
Decision Tree,233,0,1.5
Decision Tree,234,3,1.1111111111111112
Decision Tree,235,2,1.3333333333333333
Decision Tree,236,3,1.5
Decision Tree,237,1,1.6
Decision Tree,238,0,1.6363636363636365
Decision Tree,239,2,1.3333333333333333
Decision Tree,240,2,1.3333333333333333
Decision Tree,241,2,1.375
Decision Tree,242,3,1.5
Decision Tree,243,0,1.3333333333333333
Decision Tree,244,0,1.6666666666666667
Decision Tree,245,1,1.3333333333333333
Decision Tree,246,1,1.4
Decision Tree,247,0,1.6363636363636365
Decision Tree,248,3,1.4
Decision Tree,249,2,1.25
Decision Tree,250,0,1.625
Decision Tree,251,3,1.5
Decision Tree,252,3,1.5555555555555556
Decision Tree,253,0,1.6666666666666667
Decision Tree,254,2,1.625
Decision Tree,255,1,1.5555555555555556
Decision Tree,256,0,1.6666666666666667
Decision Tree,257,1,1.375
Decision Tree,258,3,1.5
Decision Tree,259,0,1.3333333333333333
Decision Tree,260,2,1.875
Decision Tree,261,1,1.6666666666666667
Decision Tree,262,0,1.5714285714285714
Decision Tree,263,1,1.6666666666666667
Decision Tree,264,3,1.5
Decision Tree,265,1,1.375
Decision Tree,266,1,1.6666666666666667
Decision Tree,267,3,1.375
Decision Tree,268,2,1.3
Decision Tree,269,0,1.3333333333333333
Decision Tree,270,1,1.0
Decision Tree,271,1,1.75
Decision Tree,272,2,1.3333333333333333
Decision Tree,273,3,1.3636363636363635
Decision Tree,274,2,1.5
Decision Tree,275,0,1.8333333333333333
Decision Tree,276,0,1.5
Decision Tree,277,3,1.8333333333333333
Decision Tree,278,2,1.8333333333333333
Decision Tree,279,1,1.3333333333333333
Decision Tree,280,3,1.2857142857142858
Decision Tree,281,3,1.5555555555555556
Decision Tree,282,1,1.6666666666666667
Decision Tree,283,2,1.6
Decision Tree,284,1,1.8333333333333333
Decision Tree,285,3,1.5
Decision Tree,286,0,1.8
Decision Tree,287,1,1.5
Decision Tree,288,3,1.75
Decision Tree,289,1,1.7142857142857142
Decision Tree,290,2,1.5
Decision Tree,291,2,1.1111111111111112
Decision Tree,292,3,1.3636363636363635
Decision Tree,293,3,1.375
Decision Tree,294,3,1.2857142857142858
Decision Tree,295,1,1.4444444444444444
Decision Tree,296,1,1.7
Decision Tree,297,1,1.5454545454545454
Decision Tree,298,0,1.875
Decision Tree,299,3,1.3333333333333333
Decision Tree,300,1,1.5
Decision Tree,301,2,1.4545454545454546
Decision Tree,302,0,1.4285714285714286
Decision Tree,303,3,1.3333333333333333
Decision Tree,304,3,1.5
Decision Tree,305,2,1.4
Decision Tree,306,0,1.5555555555555556
Decision Tree,307,0,1.6363636363636365
Decision Tree,308,2,1.4545454545454546
Decision Tree,309,2,1.875
Decision Tree,310,2,1.4444444444444444
Decision Tree,311,3,1.4
Decision Tree,312,2,1.125
Decision Tree,313,3,1.1111111111111112
Decision Tree,314,0,1.625
Decision Tree,315,1,1.7
Decision Tree,316,3,1.3636363636363635
Decision Tree,317,3,1.5
Decision Tree,318,1,1.8333333333333333
Decision Tree,319,3,1.2
Decision Tree,320,1,1.6
Decision Tree,321,3,1.25
Decision Tree,322,3,1.3636363636363635
Decision Tree,323,1,1.7142857142857142
Decision Tree,324,3,1.1111111111111112
Decision Tree,325,1,1.875
Decision Tree,326,0,1.75
Decision Tree,327,2,1.6
Decision Tree,328,1,1.4285714285714286
Decision Tree,329,0,1.7
Decision Tree,330,0,1.6
Decision Tree,331,3,1.4
Decision Tree,332,1,1.625
Decision Tree,333,3,1.3333333333333333
Decision Tree,334,3,1.4
Decision Tree,335,2,1.75
Decision Tree,336,2,1.5555555555555556
Decision Tree,337,2,0.6
Decision Tree,338,0,1.375
Decision Tree,339,0,1.875
Decision Tree,340,1,1.625
Decision Tree,341,3,1.125
Decision Tree,342,2,1.5
Decision Tree,343,0,1.7
Decision Tree,344,3,1.3333333333333333
Decision Tree,345,2,1.4444444444444444
Extra Trees Regressor,0,2,1.2999999999999983
Extra Trees Regressor,1,2,1.5
Extra Trees Regressor,2,3,1.2999999999999983
Extra Trees Regressor,3,3,1.3333333333333317
Extra Trees Regressor,4,2,1.599999999999997
Extra Trees Regressor,5,2,1.5
Extra Trees Regressor,6,0,1.666666666666666
Extra Trees Regressor,7,3,1.1111111111111134
Extra Trees Regressor,8,3,1.1111111111111134
Extra Trees Regressor,9,3,1.375
Extra Trees Regressor,10,2,1.375
Extra Trees Regressor,11,0,1.7777777777777741
Extra Trees Regressor,12,0,1.2857142857142885
Extra Trees Regressor,13,3,1.125
Extra Trees Regressor,14,2,1.2222222222222248
Extra Trees Regressor,15,3,1.0
Extra Trees Regressor,16,3,1.200000000000002
Extra Trees Regressor,17,1,1.5454545454545439
Extra Trees Regressor,18,0,1.5555555555555542
Extra Trees Regressor,19,1,1.3333333333333317
Extra Trees Regressor,20,0,1.666666666666666
Extra Trees Regressor,21,1,1.2857142857142885
Extra Trees Regressor,22,1,0.600000000000001
Extra Trees Regressor,23,0,1.5555555555555542
Extra Trees Regressor,24,1,1.5454545454545439
Extra Trees Regressor,25,1,1.5
Extra Trees Regressor,26,1,1.75
Extra Trees Regressor,27,3,1.0
Extra Trees Regressor,28,0,1.666666666666666
Extra Trees Regressor,29,2,1.666666666666666
Extra Trees Regressor,30,2,1.125
Extra Trees Regressor,31,1,1.7142857142857144
Extra Trees Regressor,32,2,1.4000000000000026
Extra Trees Regressor,33,0,1.625
Extra Trees Regressor,34,0,1.5
Extra Trees Regressor,35,3,1.4285714285714284
Extra Trees Regressor,36,3,1.5714285714285725
Extra Trees Regressor,37,1,1.5454545454545439
Extra Trees Regressor,38,0,1.6363636363636351
Extra Trees Regressor,39,1,1.625
Extra Trees Regressor,40,2,1.666666666666666
Extra Trees Regressor,41,0,1.5714285714285725
Extra Trees Regressor,42,0,1.6999999999999986
Extra Trees Regressor,43,2,1.666666666666666
Extra Trees Regressor,44,0,1.5
Extra Trees Regressor,45,1,1.375
Extra Trees Regressor,46,2,1.5
Extra Trees Regressor,47,1,1.375
Extra Trees Regressor,48,1,1.7777777777777741
Extra Trees Regressor,49,3,1.363636363636363
Extra Trees Regressor,50,3,1.5
Extra Trees Regressor,51,2,1.1111111111111134
Extra Trees Regressor,52,2,1.666666666666666
Extra Trees Regressor,53,0,1.7777777777777741
Extra Trees Regressor,54,1,1.75
Extra Trees Regressor,55,0,1.599999999999997
Extra Trees Regressor,56,2,1.4285714285714284
Extra Trees Regressor,57,1,1.666666666666666
Extra Trees Regressor,58,1,1.6999999999999986
Extra Trees Regressor,59,3,1.200000000000002
Extra Trees Regressor,60,1,1.5454545454545439
Extra Trees Regressor,61,1,1.5555555555555542
Extra Trees Regressor,62,0,1.666666666666666
Extra Trees Regressor,63,2,1.4545454545454553
Extra Trees Regressor,64,3,1.5555555555555542
Extra Trees Regressor,65,2,1.5
Extra Trees Regressor,66,3,1.2222222222222248
Extra Trees Regressor,67,0,1.6999999999999986
Extra Trees Regressor,68,0,1.8333333333333348
Extra Trees Regressor,69,0,1.6363636363636351
Extra Trees Regressor,70,3,1.375
Extra Trees Regressor,71,1,1.875
Extra Trees Regressor,72,1,1.5
Extra Trees Regressor,73,2,1.2222222222222248
Extra Trees Regressor,74,2,1.375
Extra Trees Regressor,75,3,1.5
Extra Trees Regressor,76,3,1.2999999999999983
Extra Trees Regressor,77,3,1.200000000000002
Extra Trees Regressor,78,3,1.3333333333333317
Extra Trees Regressor,79,1,1.3333333333333317
Extra Trees Regressor,80,0,1.8000000000000016
Extra Trees Regressor,81,3,1.375
Extra Trees Regressor,82,0,1.75
Extra Trees Regressor,83,0,1.5
Extra Trees Regressor,84,1,1.4000000000000026
Extra Trees Regressor,85,1,1.666666666666666
Extra Trees Regressor,86,1,1.666666666666666
Extra Trees Regressor,87,2,1.2857142857142885
Extra Trees Regressor,88,2,1.4000000000000026
Extra Trees Regressor,89,0,1.625
Extra Trees Regressor,90,2,1.5
Extra Trees Regressor,91,2,1.375
Extra Trees Regressor,92,3,1.125
Extra Trees Regressor,93,2,1.666666666666666
Extra Trees Regressor,94,3,1.5
Extra Trees Regressor,95,2,1.7777777777777741
Extra Trees Regressor,96,3,1.200000000000002
Extra Trees Regressor,97,0,1.5555555555555542
Extra Trees Regressor,98,0,1.875
Extra Trees Regressor,99,1,1.375
Extra Trees Regressor,100,2,1.625
Extra Trees Regressor,101,1,1.5555555555555542
Extra Trees Regressor,102,2,1.4285714285714284
Extra Trees Regressor,103,2,1.625
Extra Trees Regressor,104,0,1.8000000000000016
Extra Trees Regressor,105,1,1.375
Extra Trees Regressor,106,0,1.4444444444444449
Extra Trees Regressor,107,2,1.599999999999997
Extra Trees Regressor,108,3,1.5555555555555542
Extra Trees Regressor,109,3,1.4444444444444449
Extra Trees Regressor,110,1,1.25
Extra Trees Regressor,111,1,1.5454545454545439
Extra Trees Regressor,112,2,1.2999999999999983
Extra Trees Regressor,113,2,1.4444444444444449
Extra Trees Regressor,114,3,1.125
Extra Trees Regressor,115,0,1.666666666666666
Extra Trees Regressor,116,1,1.4000000000000026
Extra Trees Regressor,117,0,1.5
Extra Trees Regressor,118,2,1.4000000000000026
Extra Trees Regressor,119,1,1.6999999999999986
Extra Trees Regressor,120,1,1.666666666666666
Extra Trees Regressor,121,3,1.625
Extra Trees Regressor,122,1,1.4000000000000026
Extra Trees Regressor,123,1,1.666666666666666
Extra Trees Regressor,124,1,0.600000000000001
Extra Trees Regressor,125,3,1.7142857142857144
Extra Trees Regressor,126,1,1.7777777777777741
Extra Trees Regressor,127,3,1.200000000000002
Extra Trees Regressor,128,1,1.6999999999999986
Extra Trees Regressor,129,1,1.5555555555555542
Extra Trees Regressor,130,3,1.1111111111111134
Extra Trees Regressor,131,1,1.5555555555555542
Extra Trees Regressor,132,2,1.375
Extra Trees Regressor,133,1,1.375
Extra Trees Regressor,134,3,1.4444444444444449
Extra Trees Regressor,135,1,1.5555555555555542
Extra Trees Regressor,136,3,1.125
Extra Trees Regressor,137,0,1.7777777777777741
Extra Trees Regressor,138,2,1.3333333333333317
Extra Trees Regressor,139,0,1.5
Extra Trees Regressor,140,1,1.5454545454545439
Extra Trees Regressor,141,2,1.1111111111111134
Extra Trees Regressor,142,0,1.7777777777777741
Extra Trees Regressor,143,3,0.600000000000001
Extra Trees Regressor,144,0,1.5
Extra Trees Regressor,145,1,1.3333333333333317
Extra Trees Regressor,146,0,1.4444444444444449
Extra Trees Regressor,147,2,1.3333333333333317
Extra Trees Regressor,148,0,1.666666666666666
Extra Trees Regressor,149,1,1.5
Extra Trees Regressor,150,1,1.5
Extra Trees Regressor,151,3,1.625
Extra Trees Regressor,152,3,1.666666666666666
Extra Trees Regressor,153,0,1.7777777777777741
Extra Trees Regressor,154,2,1.666666666666666
Extra Trees Regressor,155,0,1.5
Extra Trees Regressor,156,0,1.75
Extra Trees Regressor,157,2,1.3333333333333317
Extra Trees Regressor,158,0,1.7142857142857144
Extra Trees Regressor,159,1,1.125
Extra Trees Regressor,160,2,1.3333333333333317
Extra Trees Regressor,161,0,1.666666666666666
Extra Trees Regressor,162,3,1.3333333333333317
Extra Trees Regressor,163,1,1.5555555555555542
Extra Trees Regressor,164,2,1.5
Extra Trees Regressor,165,1,1.5
Extra Trees Regressor,166,1,1.5454545454545439
Extra Trees Regressor,167,2,1.125
Extra Trees Regressor,168,2,1.4000000000000026
Extra Trees Regressor,169,3,1.4000000000000026
Extra Trees Regressor,170,3,0.600000000000001
Extra Trees Regressor,171,2,1.0
Extra Trees Regressor,172,1,1.5714285714285725
Extra Trees Regressor,173,3,1.2999999999999983
Extra Trees Regressor,174,2,1.4000000000000026
Extra Trees Regressor,175,2,1.666666666666666
Extra Trees Regressor,176,1,1.5454545454545439
Extra Trees Regressor,177,3,1.125
Extra Trees Regressor,178,3,1.666666666666666
Extra Trees Regressor,179,1,1.599999999999997
Extra Trees Regressor,180,2,1.666666666666666
Extra Trees Regressor,181,2,1.0
Extra Trees Regressor,182,3,1.666666666666666
Extra Trees Regressor,183,0,1.5
Extra Trees Regressor,184,1,1.4444444444444449
Extra Trees Regressor,185,1,1.5
Extra Trees Regressor,186,0,1.6999999999999986
Extra Trees Regressor,187,2,1.25
Extra Trees Regressor,188,3,1.363636363636363
Extra Trees Regressor,189,1,1.3333333333333317
Extra Trees Regressor,190,2,1.4000000000000026
Extra Trees Regressor,191,0,1.599999999999997
Extra Trees Regressor,192,3,1.666666666666666
Extra Trees Regressor,193,0,1.666666666666666
Extra Trees Regressor,194,3,1.4444444444444449
Extra Trees Regressor,195,2,1.4545454545454553
Extra Trees Regressor,196,2,1.4444444444444449
Extra Trees Regressor,197,0,1.875
Extra Trees Regressor,198,3,1.3333333333333317
Extra Trees Regressor,199,1,1.5
Extra Trees Regressor,200,3,1.3333333333333317
Extra Trees Regressor,201,3,1.375
Extra Trees Regressor,202,2,1.5
Extra Trees Regressor,203,2,1.666666666666666
Extra Trees Regressor,204,1,1.5
Extra Trees Regressor,205,1,1.5454545454545439
Extra Trees Regressor,206,1,1.4000000000000026
Extra Trees Regressor,207,2,0.600000000000001
Extra Trees Regressor,208,0,1.375
Extra Trees Regressor,209,0,1.5555555555555542
Extra Trees Regressor,210,0,1.125
Extra Trees Regressor,211,1,1.6999999999999986
Extra Trees Regressor,212,0,1.666666666666666
Extra Trees Regressor,213,0,1.8000000000000016
Extra Trees Regressor,214,1,1.4444444444444449
Extra Trees Regressor,215,3,1.5714285714285725
Extra Trees Regressor,216,0,1.6999999999999986
Extra Trees Regressor,217,2,1.666666666666666
Extra Trees Regressor,218,1,1.599999999999997
Extra Trees Regressor,219,0,1.6363636363636351
Extra Trees Regressor,220,0,1.666666666666666
Extra Trees Regressor,221,2,1.125
Extra Trees Regressor,222,0,1.5
Extra Trees Regressor,223,2,1.7777777777777741
Extra Trees Regressor,224,0,1.599999999999997
Extra Trees Regressor,225,0,1.666666666666666
Extra Trees Regressor,226,0,1.6363636363636351
Extra Trees Regressor,227,1,1.666666666666666
Extra Trees Regressor,228,3,1.5555555555555542
Extra Trees Regressor,229,2,1.4000000000000026
Extra Trees Regressor,230,3,1.3333333333333317
Extra Trees Regressor,231,1,1.666666666666666
Extra Trees Regressor,232,3,0.600000000000001
Extra Trees Regressor,233,0,1.5
Extra Trees Regressor,234,3,1.1111111111111134
Extra Trees Regressor,235,2,1.3333333333333317
Extra Trees Regressor,236,3,1.5
Extra Trees Regressor,237,1,1.599999999999997
Extra Trees Regressor,238,0,1.6363636363636351
Extra Trees Regressor,239,2,1.3333333333333317
Extra Trees Regressor,240,2,1.3333333333333317
Extra Trees Regressor,241,2,1.375
Extra Trees Regressor,242,3,1.5
Extra Trees Regressor,243,0,1.3333333333333317
Extra Trees Regressor,244,0,1.666666666666666
Extra Trees Regressor,245,1,1.3333333333333317
Extra Trees Regressor,246,1,1.4000000000000026
Extra Trees Regressor,247,0,1.6363636363636351
Extra Trees Regressor,248,3,1.4000000000000026
Extra Trees Regressor,249,2,1.25
Extra Trees Regressor,250,0,1.625
Extra Trees Regressor,251,3,1.5
Extra Trees Regressor,252,3,1.5555555555555542
Extra Trees Regressor,253,0,1.666666666666666
Extra Trees Regressor,254,2,1.625
Extra Trees Regressor,255,1,1.5555555555555542
Extra Trees Regressor,256,0,1.666666666666666
Extra Trees Regressor,257,1,1.375
Extra Trees Regressor,258,3,1.5
Extra Trees Regressor,259,0,1.3333333333333317
Extra Trees Regressor,260,2,1.875
Extra Trees Regressor,261,1,1.666666666666666
Extra Trees Regressor,262,0,1.5714285714285725
Extra Trees Regressor,263,1,1.666666666666666
Extra Trees Regressor,264,3,1.5
Extra Trees Regressor,265,1,1.375
Extra Trees Regressor,266,1,1.666666666666666
Extra Trees Regressor,267,3,1.375
Extra Trees Regressor,268,2,1.2999999999999983
Extra Trees Regressor,269,0,1.3333333333333317
Extra Trees Regressor,270,1,1.0
Extra Trees Regressor,271,1,1.75
Extra Trees Regressor,272,2,1.3333333333333317
Extra Trees Regressor,273,3,1.363636363636363
Extra Trees Regressor,274,2,1.5
Extra Trees Regressor,275,0,1.8333333333333348
Extra Trees Regressor,276,0,1.5
Extra Trees Regressor,277,3,1.8333333333333348
Extra Trees Regressor,278,2,1.8333333333333348
Extra Trees Regressor,279,1,1.3333333333333317
Extra Trees Regressor,280,3,1.2857142857142885
Extra Trees Regressor,281,3,1.5555555555555542
Extra Trees Regressor,282,1,1.666666666666666
Extra Trees Regressor,283,2,1.599999999999997
Extra Trees Regressor,284,1,1.8333333333333348
Extra Trees Regressor,285,3,1.5
Extra Trees Regressor,286,0,1.8000000000000016
Extra Trees Regressor,287,1,1.5
Extra Trees Regressor,288,3,1.75
Extra Trees Regressor,289,1,1.7142857142857144
Extra Trees Regressor,290,2,1.5
Extra Trees Regressor,291,2,1.1111111111111134
Extra Trees Regressor,292,3,1.363636363636363
Extra Trees Regressor,293,3,1.375
Extra Trees Regressor,294,3,1.2857142857142885
Extra Trees Regressor,295,1,1.4444444444444449
Extra Trees Regressor,296,1,1.6999999999999986
Extra Trees Regressor,297,1,1.5454545454545439
Extra Trees Regressor,298,0,1.875
Extra Trees Regressor,299,3,1.3333333333333317
Extra Trees Regressor,300,1,1.5
Extra Trees Regressor,301,2,1.4545454545454553
Extra Trees Regressor,302,0,1.4285714285714284
Extra Trees Regressor,303,3,1.3333333333333317
Extra Trees Regressor,304,3,1.5
Extra Trees Regressor,305,2,1.4000000000000026
Extra Trees Regressor,306,0,1.5555555555555542
Extra Trees Regressor,307,0,1.6363636363636351
Extra Trees Regressor,308,2,1.4545454545454553
Extra Trees Regressor,309,2,1.875
Extra Trees Regressor,310,2,1.4444444444444449
Extra Trees Regressor,311,3,1.4000000000000026
Extra Trees Regressor,312,2,1.125
Extra Trees Regressor,313,3,1.1111111111111134
Extra Trees Regressor,314,0,1.625
Extra Trees Regressor,315,1,1.6999999999999986
Extra Trees Regressor,316,3,1.363636363636363
Extra Trees Regressor,317,3,1.5
Extra Trees Regressor,318,1,1.8333333333333348
Extra Trees Regressor,319,3,1.200000000000002
Extra Trees Regressor,320,1,1.599999999999997
Extra Trees Regressor,321,3,1.25
Extra Trees Regressor,322,3,1.363636363636363
Extra Trees Regressor,323,1,1.7142857142857144
Extra Trees Regressor,324,3,1.1111111111111134
Extra Trees Regressor,325,1,1.875
Extra Trees Regressor,326,0,1.75
Extra Trees Regressor,327,2,1.599999999999997
Extra Trees Regressor,328,1,1.4285714285714284
Extra Trees Regressor,329,0,1.6999999999999986
Extra Trees Regressor,330,0,1.599999999999997
Extra Trees Regressor,331,3,1.4000000000000026
Extra Trees Regressor,332,1,1.625
Extra Trees Regressor,333,3,1.3333333333333317
Extra Trees Regressor,334,3,1.4000000000000026
Extra Trees Regressor,335,2,1.75
Extra Trees Regressor,336,2,1.5555555555555542
Extra Trees Regressor,337,2,0.600000000000001
Extra Trees Regressor,338,0,1.375
Extra Trees Regressor,339,0,1.875
Extra Trees Regressor,340,1,1.625
Extra Trees Regressor,341,3,1.125
Extra Trees Regressor,342,2,1.5
Extra Trees Regressor,343,0,1.6999999999999986
Extra Trees Regressor,344,3,1.3333333333333317
Extra Trees Regressor,345,2,1.4444444444444449
XGB Regressor,0,2,1.2999470233917236
XGB Regressor,1,2,1.5000516176223755
XGB Regressor,2,3,1.2999470233917236
XGB Regressor,3,3,1.3398594856262207
XGB Regressor,4,2,1.6087547540664673
XGB Regressor,5,2,1.4940460920333862
XGB Regressor,6,0,1.666829228401184
XGB Regressor,7,3,1.1113096475601196
XGB Regressor,8,3,1.11021888256073
XGB Regressor,9,3,1.3740174770355225
XGB Regressor,10,2,1.3753851652145386
XGB Regressor,11,0,1.7782050371170044
XGB Regressor,12,0,1.2808377742767334
XGB Regressor,13,3,1.1222255229949951
XGB Regressor,14,2,1.222438931465149
XGB Regressor,15,3,0.998744785785675
XGB Regressor,16,3,1.2003775835037231
XGB Regressor,17,1,1.5442135334014893
XGB Regressor,18,0,1.555321216583252
XGB Regressor,19,1,1.3398594856262207
XGB Regressor,20,0,1.6671391725540161
XGB Regressor,21,1,1.2808377742767334
XGB Regressor,22,1,0.6026790142059326
XGB Regressor,23,0,1.5544270277023315
XGB Regressor,24,1,1.5401860475540161
XGB Regressor,25,1,1.5000516176223755
XGB Regressor,26,1,1.7512483596801758
XGB Regressor,27,3,0.998744785785675
XGB Regressor,28,0,1.6634622812271118
XGB Regressor,29,2,1.6671391725540161
XGB Regressor,30,2,1.1305615901947021
XGB Regressor,31,1,1.7150309085845947
XGB Regressor,32,2,1.3989371061325073
XGB Regressor,33,0,1.6189866065979004
XGB Regressor,34,0,1.499535083770752
XGB Regressor,35,3,1.428666114807129
XGB Regressor,36,3,1.5884270668029785
XGB Regressor,37,1,1.5425825119018555
XGB Regressor,38,0,1.6374385356903076
XGB Regressor,39,1,1.6189866065979004
XGB Regressor,40,2,1.6675714254379272
XGB Regressor,41,0,1.5884270668029785
XGB Regressor,42,0,1.6998873949050903
XGB Regressor,43,2,1.6650536060333252
XGB Regressor,44,0,1.4913318157196045
XGB Regressor,45,1,1.3753851652145386
XGB Regressor,46,2,1.5011465549468994
XGB Regressor,47,1,1.3740174770355225
XGB Regressor,48,1,1.7693119049072266
XGB Regressor,49,3,1.3632712364196777
XGB Regressor,50,3,1.4999676942825317
XGB Regressor,51,2,1.1113096475601196
XGB Regressor,52,2,1.6654777526855469
XGB Regressor,53,0,1.7693119049072266
XGB Regressor,54,1,1.7512483596801758
XGB Regressor,55,0,1.597124457359314
XGB Regressor,56,2,1.428666114807129
XGB Regressor,57,1,1.6650536060333252
XGB Regressor,58,1,1.7001677751541138
XGB Regressor,59,3,1.2001211643218994
XGB Regressor,60,1,1.5457109212875366
XGB Regressor,61,1,1.5541253089904785
XGB Regressor,62,0,1.6670726537704468
XGB Regressor,63,2,1.4542440176010132
XGB Regressor,64,3,1.5541253089904785
XGB Regressor,65,2,1.5001394748687744
XGB Regressor,66,3,1.222438931465149
XGB Regressor,67,0,1.7002040147781372
XGB Regressor,68,0,1.8247132301330566
XGB Regressor,69,0,1.6391050815582275
XGB Regressor,70,3,1.3753851652145386
XGB Regressor,71,1,1.8756482601165771
XGB Regressor,72,1,1.4999676942825317
XGB Regressor,73,2,1.222438931465149
XGB Regressor,74,2,1.3740174770355225
XGB Regressor,75,3,1.5034905672073364
XGB Regressor,76,3,1.3009862899780273
XGB Regressor,77,3,1.1999021768569946
XGB Regressor,78,3,1.3318790197372437
XGB Regressor,79,1,1.331352710723877
XGB Regressor,80,0,1.7969571352005005
XGB Regressor,81,3,1.378549337387085
XGB Regressor,82,0,1.7383285760879517
XGB Regressor,83,0,1.508660078048706
XGB Regressor,84,1,1.4148528575897217
XGB Regressor,85,1,1.6654777526855469
XGB Regressor,86,1,1.6634622812271118
XGB Regressor,87,2,1.2808377742767334
XGB Regressor,88,2,1.397757649421692
XGB Regressor,89,0,1.6270111799240112
XGB Regressor,90,2,1.499535083770752
XGB Regressor,91,2,1.3812131881713867
XGB Regressor,92,3,1.1305615901947021
XGB Regressor,93,2,1.666829228401184
XGB Regressor,94,3,1.499535083770752
XGB Regressor,95,2,1.7782050371170044
XGB Regressor,96,3,1.2003775835037231
XGB Regressor,97,0,1.5554224252700806
XGB Regressor,98,0,1.8734999895095825
XGB Regressor,99,1,1.3753851652145386
XGB Regressor,100,2,1.6245532035827637
XGB Regressor,101,1,1.555507779121399
XGB Regressor,102,2,1.428666114807129
XGB Regressor,103,2,1.6245532035827637
XGB Regressor,104,0,1.7969571352005005
XGB Regressor,105,1,1.3812131881713867
XGB Regressor,106,0,1.4447312355041504
XGB Regressor,107,2,1.602154016494751
XGB Regressor,108,3,1.5544270277023315
XGB Regressor,109,3,1.4447312355041504
XGB Regressor,110,1,1.250102162361145
XGB Regressor,111,1,1.5480018854141235
XGB Regressor,112,2,1.3002716302871704
XGB Regressor,113,2,1.4437800645828247
XGB Regressor,114,3,1.1222255229949951
XGB Regressor,115,0,1.666045069694519
XGB Regressor,116,1,1.3973397016525269
XGB Regressor,117,0,1.5025006532669067
XGB Regressor,118,2,1.4021843671798706
XGB Regressor,119,1,1.6935056447982788
XGB Regressor,120,1,1.6678178310394287
XGB Regressor,121,3,1.6270111799240112
XGB Regressor,122,1,1.3996412754058838
XGB Regressor,123,1,1.6675714254379272
XGB Regressor,124,1,0.6026790142059326
XGB Regressor,125,3,1.7150309085845947
XGB Regressor,126,1,1.7693119049072266
XGB Regressor,127,3,1.2001211643218994
XGB Regressor,128,1,1.6998873949050903
XGB Regressor,129,1,1.5554224252700806
XGB Regressor,130,3,1.1113096475601196
XGB Regressor,131,1,1.555507779121399
XGB Regressor,132,2,1.378549337387085
XGB Regressor,133,1,1.3740174770355225
XGB Regressor,134,3,1.4437800645828247
XGB Regressor,135,1,1.5544270277023315
XGB Regressor,136,3,1.1254642009735107
XGB Regressor,137,0,1.7782050371170044
XGB Regressor,138,2,1.333398461341858
XGB Regressor,139,0,1.5028982162475586
XGB Regressor,140,1,1.547499418258667
XGB Regressor,141,2,1.11021888256073
XGB Regressor,142,0,1.7770075798034668
XGB Regressor,143,3,0.6026790142059326
XGB Regressor,144,0,1.5034905672073364
XGB Regressor,145,1,1.3318790197372437
XGB Regressor,146,0,1.4437800645828247
XGB Regressor,147,2,1.3321092128753662
XGB Regressor,148,0,1.669137716293335
XGB Regressor,149,1,1.4999983310699463
XGB Regressor,150,1,1.4913318157196045
XGB Regressor,151,3,1.6189866065979004
XGB Regressor,152,3,1.6654777526855469
XGB Regressor,153,0,1.7770075798034668
XGB Regressor,154,2,1.6634622812271118
XGB Regressor,155,0,1.4993271827697754
XGB Regressor,156,0,1.7512483596801758
XGB Regressor,157,2,1.333646535873413
XGB Regressor,158,0,1.7150309085845947
XGB Regressor,159,1,1.1254642009735107
XGB Regressor,160,2,1.3318790197372437
XGB Regressor,161,0,1.6675714254379272
XGB Regressor,162,3,1.3321092128753662
XGB Regressor,163,1,1.5511835813522339
XGB Regressor,164,2,1.4999983310699463
XGB Regressor,165,1,1.5001394748687744
XGB Regressor,166,1,1.5464494228363037
XGB Regressor,167,2,1.1305615901947021
XGB Regressor,168,2,1.3999677896499634
XGB Regressor,169,3,1.4148528575897217
XGB Regressor,170,3,0.6026790142059326
XGB Regressor,171,2,0.998744785785675
XGB Regressor,172,1,1.5884270668029785
XGB Regressor,173,3,1.3002716302871704
XGB Regressor,174,2,1.3999677896499634
XGB Regressor,175,2,1.6654777526855469
XGB Regressor,176,1,1.546602487564087
XGB Regressor,177,3,1.1222255229949951
XGB Regressor,178,3,1.669137716293335
XGB Regressor,179,1,1.5995742082595825
XGB Regressor,180,2,1.669137716293335
XGB Regressor,181,2,0.998744785785675
XGB Regressor,182,3,1.665759801864624
XGB Regressor,183,0,1.4975184202194214
XGB Regressor,184,1,1.4535870552062988
XGB Regressor,185,1,1.5011465549468994
XGB Regressor,186,0,1.702462077140808
XGB Regressor,187,2,1.250102162361145
XGB Regressor,188,3,1.3676021099090576
XGB Regressor,189,1,1.33233642578125
XGB Regressor,190,2,1.4021843671798706
XGB Regressor,191,0,1.5986618995666504
XGB Regressor,192,3,1.666045069694519
XGB Regressor,193,0,1.665759801864624
XGB Regressor,194,3,1.4535870552062988
XGB Regressor,195,2,1.4567419290542603
XGB Regressor,196,2,1.4447312355041504
XGB Regressor,197,0,1.8756482601165771
XGB Regressor,198,3,1.3391584157943726
XGB Regressor,199,1,1.499535083770752
XGB Regressor,200,3,1.333646535873413
XGB Regressor,201,3,1.3749418258666992
XGB Regressor,202,2,1.4999676942825317
XGB Regressor,203,2,1.6678178310394287
XGB Regressor,204,1,1.5028982162475586
XGB Regressor,205,1,1.5468531847000122
XGB Regressor,206,1,1.4004026651382446
XGB Regressor,207,2,0.6026790142059326
XGB Regressor,208,0,1.3749418258666992
XGB Regressor,209,0,1.5511835813522339
XGB Regressor,210,0,1.1222255229949951
XGB Regressor,211,1,1.6995725631713867
XGB Regressor,212,0,1.6654777526855469
XGB Regressor,213,0,1.7993263006210327
XGB Regressor,214,1,1.4535870552062988
XGB Regressor,215,3,1.5884270668029785
XGB Regressor,216,0,1.7001677751541138
XGB Regressor,217,2,1.6670726537704468
XGB Regressor,218,1,1.5968937873840332
XGB Regressor,219,0,1.62619149684906
XGB Regressor,220,0,1.6678178310394287
XGB Regressor,221,2,1.1254642009735107
XGB Regressor,222,0,1.4999676942825317
XGB Regressor,223,2,1.7770075798034668
XGB Regressor,224,0,1.6087547540664673
XGB Regressor,225,0,1.666045069694519
XGB Regressor,226,0,1.6355419158935547
XGB Regressor,227,1,1.669137716293335
XGB Regressor,228,3,1.555321216583252
XGB Regressor,229,2,1.397757649421692
XGB Regressor,230,3,1.33233642578125
XGB Regressor,231,1,1.666829228401184
XGB Regressor,232,3,0.6026790142059326
XGB Regressor,233,0,1.4951670169830322
XGB Regressor,234,3,1.11021888256073
XGB Regressor,235,2,1.331352710723877
XGB Regressor,236,3,1.4913318157196045
XGB Regressor,237,1,1.5995742082595825
XGB Regressor,238,0,1.6376832723617554
XGB Regressor,239,2,1.333398461341858
XGB Regressor,240,2,1.3398594856262207
XGB Regressor,241,2,1.378549337387085
XGB Regressor,242,3,1.5028982162475586
XGB Regressor,243,0,1.333398461341858
XGB Regressor,244,0,1.665759801864624
XGB Regressor,245,1,1.3321092128753662
XGB Regressor,246,1,1.3968729972839355
XGB Regressor,247,0,1.635286808013916
XGB Regressor,248,3,1.3996412754058838
XGB Regressor,249,2,1.250102162361145
XGB Regressor,250,0,1.6270111799240112
XGB Regressor,251,3,1.508660078048706
XGB Regressor,252,3,1.5554224252700806
XGB Regressor,253,0,1.6654777526855469
XGB Regressor,254,2,1.6270111799240112
XGB Regressor,255,1,1.555321216583252
XGB Regressor,256,0,1.6650536060333252
XGB Regressor,257,1,1.3749418258666992
XGB Regressor,258,3,1.5025006532669067
XGB Regressor,259,0,1.333398461341858
XGB Regressor,260,2,1.8756482601165771
XGB Regressor,261,1,1.6670726537704468
XGB Regressor,262,0,1.5884270668029785
XGB Regressor,263,1,1.6671391725540161
XGB Regressor,264,3,1.4951670169830322
XGB Regressor,265,1,1.3812131881713867
XGB Regressor,266,1,1.669137716293335
XGB Regressor,267,3,1.3812131881713867
XGB Regressor,268,2,1.3009862899780273
XGB Regressor,269,0,1.3391584157943726
XGB Regressor,270,1,0.998744785785675
XGB Regressor,271,1,1.7383285760879517
XGB Regressor,272,2,1.33233642578125
XGB Regressor,273,3,1.363142728805542
XGB Regressor,274,2,1.4913318157196045
XGB Regressor,275,0,1.8247132301330566
XGB Regressor,276,0,1.5001437664031982
XGB Regressor,277,3,1.8247132301330566
XGB Regressor,278,2,1.8247132301330566
XGB Regressor,279,1,1.333646535873413
XGB Regressor,280,3,1.2808377742767334
XGB Regressor,281,3,1.5511835813522339
XGB Regressor,282,1,1.669137716293335
XGB Regressor,283,2,1.597124457359314
XGB Regressor,284,1,1.8247132301330566
XGB Regressor,285,3,1.4975184202194214
XGB Regressor,286,0,1.7993263006210327
XGB Regressor,287,1,1.508660078048706
XGB Regressor,288,3,1.7383285760879517
XGB Regressor,289,1,1.7150309085845947
XGB Regressor,290,2,1.508660078048706
XGB Regressor,291,2,1.1112866401672363
XGB Regressor,292,3,1.3644359111785889
XGB Regressor,293,3,1.3749418258666992
XGB Regressor,294,3,1.2808377742767334
XGB Regressor,295,1,1.4469192028045654
XGB Regressor,296,1,1.7002040147781372
XGB Regressor,297,1,1.544692873954773
XGB Regressor,298,0,1.8734999895095825
XGB Regressor,299,3,1.333398461341858
XGB Regressor,300,1,1.4940460920333862
XGB Regressor,301,2,1.453856110572815
XGB Regressor,302,0,1.428666114807129
XGB Regressor,303,3,1.333398461341858
XGB Regressor,304,3,1.4993271827697754
XGB Regressor,305,2,1.3989371061325073
XGB Regressor,306,0,1.5541253089904785
XGB Regressor,307,0,1.6384755373001099
XGB Regressor,308,2,1.45159113407135
XGB Regressor,309,2,1.8734999895095825
XGB Regressor,310,2,1.4469192028045654
XGB Regressor,311,3,1.3968729972839355
XGB Regressor,312,2,1.1305615901947021
XGB Regressor,313,3,1.1112866401672363
XGB Regressor,314,0,1.6245532035827637
XGB Regressor,315,1,1.702462077140808
XGB Regressor,316,3,1.3652830123901367
XGB Regressor,317,3,1.5001437664031982
XGB Regressor,318,1,1.8247132301330566
XGB Regressor,319,3,1.1999021768569946
XGB Regressor,320,1,1.5968937873840332
XGB Regressor,321,3,1.250102162361145
XGB Regressor,322,3,1.3625316619873047
XGB Regressor,323,1,1.7150309085845947
XGB Regressor,324,3,1.1112866401672363
XGB Regressor,325,1,1.8734999895095825
XGB Regressor,326,0,1.7383285760879517
XGB Regressor,327,2,1.5986618995666504
XGB Regressor,328,1,1.428666114807129
XGB Regressor,329,0,1.6995725631713867
XGB Regressor,330,0,1.602154016494751
XGB Regressor,331,3,1.4004026651382446
XGB Regressor,332,1,1.6189866065979004
XGB Regressor,333,3,1.3391584157943726
XGB Regressor,334,3,1.3973397016525269
XGB Regressor,335,2,1.7512483596801758
XGB Regressor,336,2,1.555507779121399
XGB Regressor,337,2,0.6026790142059326
XGB Regressor,338,0,1.378549337387085
XGB Regressor,339,0,1.8756482601165771
XGB Regressor,340,1,1.6245532035827637
XGB Regressor,341,3,1.1254642009735107
XGB Regressor,342,2,1.5028982162475586
XGB Regressor,343,0,1.6935056447982788
XGB Regressor,344,3,1.331352710723877
XGB Regressor,345,2,1.4469192028045654
Hist Gradient Boosting,0,2,1.2998481283966121
Hist Gradient Boosting,1,2,1.4690756308801067
Hist Gradient Boosting,2,3,1.2998481283966121
Hist Gradient Boosting,3,3,1.3911775475843595
Hist Gradient Boosting,4,2,1.6123326152654505
Hist Gradient Boosting,5,2,1.4859427345681957
Hist Gradient Boosting,6,0,1.7026587253191372
Hist Gradient Boosting,7,3,1.2061271328701912
Hist Gradient Boosting,8,3,1.0985791246198315
Hist Gradient Boosting,9,3,1.434052981417496
Hist Gradient Boosting,10,2,1.3731333226376568
Hist Gradient Boosting,11,0,1.6864586062496658
Hist Gradient Boosting,12,0,1.3110514154603103
Hist Gradient Boosting,13,3,1.2050480315633918
Hist Gradient Boosting,14,2,1.2425601773373494
Hist Gradient Boosting,15,3,1.1506179691922904
Hist Gradient Boosting,16,3,1.1477142060707894
Hist Gradient Boosting,17,1,1.5991771204346217
Hist Gradient Boosting,18,0,1.6145388745571583
Hist Gradient Boosting,19,1,1.3911775475843595
Hist Gradient Boosting,20,0,1.6586011835581764
Hist Gradient Boosting,21,1,1.3110514154603103
Hist Gradient Boosting,22,1,0.8626132772731997
Hist Gradient Boosting,23,0,1.5615420907329238
Hist Gradient Boosting,24,1,1.573214306794855
Hist Gradient Boosting,25,1,1.4690756308801067
Hist Gradient Boosting,26,1,1.666783790100228
Hist Gradient Boosting,27,3,1.1506179691922904
Hist Gradient Boosting,28,0,1.6121503008902403
Hist Gradient Boosting,29,2,1.6586011835581764
Hist Gradient Boosting,30,2,1.1937917140396483
Hist Gradient Boosting,31,1,1.5578774130034272
Hist Gradient Boosting,32,2,1.376889980452955
Hist Gradient Boosting,33,0,1.5308061465584715
Hist Gradient Boosting,34,0,1.4581115657179409
Hist Gradient Boosting,35,3,1.450406290386258
Hist Gradient Boosting,36,3,1.5842989663675446
Hist Gradient Boosting,37,1,1.5624334266769162
Hist Gradient Boosting,38,0,1.6138795186409385
Hist Gradient Boosting,39,1,1.5308061465584715
Hist Gradient Boosting,40,2,1.5927398560232984
Hist Gradient Boosting,41,0,1.5842989663675446
Hist Gradient Boosting,42,0,1.5814005377629834
Hist Gradient Boosting,43,2,1.6558308700008564
Hist Gradient Boosting,44,0,1.5230679371027214
Hist Gradient Boosting,45,1,1.3731333226376568
Hist Gradient Boosting,46,2,1.5482770127422263
Hist Gradient Boosting,47,1,1.434052981417496
Hist Gradient Boosting,48,1,1.75302043242453
Hist Gradient Boosting,49,3,1.4107184680946614
Hist Gradient Boosting,50,3,1.5115325405848266
Hist Gradient Boosting,51,2,1.2061271328701912
Hist Gradient Boosting,52,2,1.6008554158165158
Hist Gradient Boosting,53,0,1.75302043242453
Hist Gradient Boosting,54,1,1.666783790100228
Hist Gradient Boosting,55,0,1.579710894550909
Hist Gradient Boosting,56,2,1.450406290386258
Hist Gradient Boosting,57,1,1.6558308700008564
Hist Gradient Boosting,58,1,1.6294970794435173
Hist Gradient Boosting,59,3,1.2713193022364304
Hist Gradient Boosting,60,1,1.580302900965114
Hist Gradient Boosting,61,1,1.519401897133885
Hist Gradient Boosting,62,0,1.6521348808135137
Hist Gradient Boosting,63,2,1.448493626021504
Hist Gradient Boosting,64,3,1.519401897133885
Hist Gradient Boosting,65,2,1.521260270262091
Hist Gradient Boosting,66,3,1.2425601773373494
Hist Gradient Boosting,67,0,1.6505213104443388
Hist Gradient Boosting,68,0,1.8117789706151344
Hist Gradient Boosting,69,0,1.5779365286059326
Hist Gradient Boosting,70,3,1.3731333226376568
Hist Gradient Boosting,71,1,1.8040085501725145
Hist Gradient Boosting,72,1,1.5115325405848266
Hist Gradient Boosting,73,2,1.2425601773373494
Hist Gradient Boosting,74,2,1.434052981417496
Hist Gradient Boosting,75,3,1.5224279680451278
Hist Gradient Boosting,76,3,1.3142792049475678
Hist Gradient Boosting,77,3,1.329962908364784
Hist Gradient Boosting,78,3,1.3371816659911302
Hist Gradient Boosting,79,1,1.2797137116130757
Hist Gradient Boosting,80,0,1.760006254377204
Hist Gradient Boosting,81,3,1.3500877627800818
Hist Gradient Boosting,82,0,1.7451139642363598
Hist Gradient Boosting,83,0,1.4818883976192228
Hist Gradient Boosting,84,1,1.429309866319992
Hist Gradient Boosting,85,1,1.6008554158165158
Hist Gradient Boosting,86,1,1.6121503008902403
Hist Gradient Boosting,87,2,1.3110514154603103
Hist Gradient Boosting,88,2,1.3775500118983957
Hist Gradient Boosting,89,0,1.7027000410808713
Hist Gradient Boosting,90,2,1.4581115657179409
Hist Gradient Boosting,91,2,1.3995170270927277
Hist Gradient Boosting,92,3,1.1937917140396483
Hist Gradient Boosting,93,2,1.7026587253191372
Hist Gradient Boosting,94,3,1.4581115657179409
Hist Gradient Boosting,95,2,1.6864586062496658
Hist Gradient Boosting,96,3,1.1477142060707894
Hist Gradient Boosting,97,0,1.5516336004273834
Hist Gradient Boosting,98,0,1.7971233382371514
Hist Gradient Boosting,99,1,1.3731333226376568
Hist Gradient Boosting,100,2,1.6157522011986336
Hist Gradient Boosting,101,1,1.5953444366128735
Hist Gradient Boosting,102,2,1.450406290386258
Hist Gradient Boosting,103,2,1.6157522011986336
Hist Gradient Boosting,104,0,1.760006254377204
Hist Gradient Boosting,105,1,1.3995170270927277
Hist Gradient Boosting,106,0,1.3992957995943678
Hist Gradient Boosting,107,2,1.6390316415493422
Hist Gradient Boosting,108,3,1.5615420907329238
Hist Gradient Boosting,109,3,1.3992957995943678
Hist Gradient Boosting,110,1,1.3227565561232757
Hist Gradient Boosting,111,1,1.5261036437183224
Hist Gradient Boosting,112,2,1.3442169207624401
Hist Gradient Boosting,113,2,1.4609135829421631
Hist Gradient Boosting,114,3,1.2050480315633918
Hist Gradient Boosting,115,0,1.6613198027128475
Hist Gradient Boosting,116,1,1.336917390095369
Hist Gradient Boosting,117,0,1.4884674235315722
Hist Gradient Boosting,118,2,1.4155004971207235
Hist Gradient Boosting,119,1,1.686134726330085
Hist Gradient Boosting,120,1,1.6087854023224541
Hist Gradient Boosting,121,3,1.7027000410808713
Hist Gradient Boosting,122,1,1.4081616691370553
Hist Gradient Boosting,123,1,1.5927398560232984
Hist Gradient Boosting,124,1,0.8626132772731997
Hist Gradient Boosting,125,3,1.5578774130034272
Hist Gradient Boosting,126,1,1.75302043242453
Hist Gradient Boosting,127,3,1.2713193022364304
Hist Gradient Boosting,128,1,1.5814005377629834
Hist Gradient Boosting,129,1,1.5516336004273834
Hist Gradient Boosting,130,3,1.2061271328701912
Hist Gradient Boosting,131,1,1.5953444366128735
Hist Gradient Boosting,132,2,1.3500877627800818
Hist Gradient Boosting,133,1,1.434052981417496
Hist Gradient Boosting,134,3,1.4609135829421631
Hist Gradient Boosting,135,1,1.5615420907329238
Hist Gradient Boosting,136,3,1.1658482798551015
Hist Gradient Boosting,137,0,1.6864586062496658
Hist Gradient Boosting,138,2,1.3134474272057035
Hist Gradient Boosting,139,0,1.4142729495375361
Hist Gradient Boosting,140,1,1.4686501352884207
Hist Gradient Boosting,141,2,1.0985791246198315
Hist Gradient Boosting,142,0,1.805098125876524
Hist Gradient Boosting,143,3,0.8626132772731997
Hist Gradient Boosting,144,0,1.5224279680451278
Hist Gradient Boosting,145,1,1.3371816659911302
Hist Gradient Boosting,146,0,1.4609135829421631
Hist Gradient Boosting,147,2,1.3745078600644671
Hist Gradient Boosting,148,0,1.6458127174844621
Hist Gradient Boosting,149,1,1.4857052367087453
Hist Gradient Boosting,150,1,1.5230679371027214
Hist Gradient Boosting,151,3,1.5308061465584715
Hist Gradient Boosting,152,3,1.6008554158165158
Hist Gradient Boosting,153,0,1.805098125876524
Hist Gradient Boosting,154,2,1.6121503008902403
Hist Gradient Boosting,155,0,1.4749329515828868
Hist Gradient Boosting,156,0,1.666783790100228
Hist Gradient Boosting,157,2,1.3453060551280949
Hist Gradient Boosting,158,0,1.5578774130034272
Hist Gradient Boosting,159,1,1.1658482798551015
Hist Gradient Boosting,160,2,1.3371816659911302
Hist Gradient Boosting,161,0,1.5927398560232984
Hist Gradient Boosting,162,3,1.3745078600644671
Hist Gradient Boosting,163,1,1.508880322009082
Hist Gradient Boosting,164,2,1.4857052367087453
Hist Gradient Boosting,165,1,1.521260270262091
Hist Gradient Boosting,166,1,1.5575145772007946
Hist Gradient Boosting,167,2,1.1937917140396483
Hist Gradient Boosting,168,2,1.4985817875429315
Hist Gradient Boosting,169,3,1.429309866319992
Hist Gradient Boosting,170,3,0.8626132772731997
Hist Gradient Boosting,171,2,1.1506179691922904
Hist Gradient Boosting,172,1,1.5842989663675446
Hist Gradient Boosting,173,3,1.3442169207624401
Hist Gradient Boosting,174,2,1.4985817875429315
Hist Gradient Boosting,175,2,1.6008554158165158
Hist Gradient Boosting,176,1,1.5696967292415982
Hist Gradient Boosting,177,3,1.2050480315633918
Hist Gradient Boosting,178,3,1.6458127174844621
Hist Gradient Boosting,179,1,1.6231681252935122
Hist Gradient Boosting,180,2,1.6458127174844621
Hist Gradient Boosting,181,2,1.1506179691922904
Hist Gradient Boosting,182,3,1.6419809105019987
Hist Gradient Boosting,183,0,1.488980413522098
Hist Gradient Boosting,184,1,1.5033797835004008
Hist Gradient Boosting,185,1,1.5482770127422263
Hist Gradient Boosting,186,0,1.6679663150950295
Hist Gradient Boosting,187,2,1.3227565561232757
Hist Gradient Boosting,188,3,1.351401821582167
Hist Gradient Boosting,189,1,1.3794763010569158
Hist Gradient Boosting,190,2,1.4155004971207235
Hist Gradient Boosting,191,0,1.5706364443393739
Hist Gradient Boosting,192,3,1.6613198027128475
Hist Gradient Boosting,193,0,1.6419809105019987
Hist Gradient Boosting,194,3,1.5033797835004008
Hist Gradient Boosting,195,2,1.4918507029677006
Hist Gradient Boosting,196,2,1.3992957995943678
Hist Gradient Boosting,197,0,1.8040085501725145
Hist Gradient Boosting,198,3,1.3243624148744444
Hist Gradient Boosting,199,1,1.4581115657179409
Hist Gradient Boosting,200,3,1.3453060551280949
Hist Gradient Boosting,201,3,1.4051182070966473
Hist Gradient Boosting,202,2,1.5115325405848266
Hist Gradient Boosting,203,2,1.6087854023224541
Hist Gradient Boosting,204,1,1.4142729495375361
Hist Gradient Boosting,205,1,1.5355429619762675
Hist Gradient Boosting,206,1,1.4387111916880502
Hist Gradient Boosting,207,2,0.8626132772731997
Hist Gradient Boosting,208,0,1.4051182070966473
Hist Gradient Boosting,209,0,1.508880322009082
Hist Gradient Boosting,210,0,1.2050480315633918
Hist Gradient Boosting,211,1,1.657939221236493
Hist Gradient Boosting,212,0,1.6008554158165158
Hist Gradient Boosting,213,0,1.7523183523889665
Hist Gradient Boosting,214,1,1.5033797835004008
Hist Gradient Boosting,215,3,1.5842989663675446
Hist Gradient Boosting,216,0,1.6294970794435173
Hist Gradient Boosting,217,2,1.6521348808135137
Hist Gradient Boosting,218,1,1.6323134381844215
Hist Gradient Boosting,219,0,1.6231761030151437
Hist Gradient Boosting,220,0,1.6087854023224541
Hist Gradient Boosting,221,2,1.1658482798551015
Hist Gradient Boosting,222,0,1.5115325405848266
Hist Gradient Boosting,223,2,1.805098125876524
Hist Gradient Boosting,224,0,1.6123326152654505
Hist Gradient Boosting,225,0,1.6613198027128475
Hist Gradient Boosting,226,0,1.6097446349891322
Hist Gradient Boosting,227,1,1.6458127174844621
Hist Gradient Boosting,228,3,1.6145388745571583
Hist Gradient Boosting,229,2,1.3775500118983957
Hist Gradient Boosting,230,3,1.3794763010569158
Hist Gradient Boosting,231,1,1.7026587253191372
Hist Gradient Boosting,232,3,0.8626132772731997
Hist Gradient Boosting,233,0,1.5109754689887367
Hist Gradient Boosting,234,3,1.0985791246198315
Hist Gradient Boosting,235,2,1.2797137116130757
Hist Gradient Boosting,236,3,1.5230679371027214
Hist Gradient Boosting,237,1,1.6231681252935122
Hist Gradient Boosting,238,0,1.637729868880307
Hist Gradient Boosting,239,2,1.3134474272057035
Hist Gradient Boosting,240,2,1.3911775475843595
Hist Gradient Boosting,241,2,1.3500877627800818
Hist Gradient Boosting,242,3,1.4142729495375361
Hist Gradient Boosting,243,0,1.3134474272057035
Hist Gradient Boosting,244,0,1.6419809105019987
Hist Gradient Boosting,245,1,1.3745078600644671
Hist Gradient Boosting,246,1,1.3888977977591657
Hist Gradient Boosting,247,0,1.6284866776295224
Hist Gradient Boosting,248,3,1.4081616691370553
Hist Gradient Boosting,249,2,1.3227565561232757
Hist Gradient Boosting,250,0,1.7027000410808713
Hist Gradient Boosting,251,3,1.4818883976192228
Hist Gradient Boosting,252,3,1.5516336004273834
Hist Gradient Boosting,253,0,1.6008554158165158
Hist Gradient Boosting,254,2,1.7027000410808713
Hist Gradient Boosting,255,1,1.6145388745571583
Hist Gradient Boosting,256,0,1.6558308700008564
Hist Gradient Boosting,257,1,1.4051182070966473
Hist Gradient Boosting,258,3,1.4884674235315722
Hist Gradient Boosting,259,0,1.3134474272057035
Hist Gradient Boosting,260,2,1.8040085501725145
Hist Gradient Boosting,261,1,1.6521348808135137
Hist Gradient Boosting,262,0,1.5842989663675446
Hist Gradient Boosting,263,1,1.6586011835581764
Hist Gradient Boosting,264,3,1.5109754689887367
Hist Gradient Boosting,265,1,1.3995170270927277
Hist Gradient Boosting,266,1,1.6458127174844621
Hist Gradient Boosting,267,3,1.3995170270927277
Hist Gradient Boosting,268,2,1.3142792049475678
Hist Gradient Boosting,269,0,1.3243624148744444
Hist Gradient Boosting,270,1,1.1506179691922904
Hist Gradient Boosting,271,1,1.7451139642363598
Hist Gradient Boosting,272,2,1.3794763010569158
Hist Gradient Boosting,273,3,1.385174095047776
Hist Gradient Boosting,274,2,1.5230679371027214
Hist Gradient Boosting,275,0,1.8117789706151344
Hist Gradient Boosting,276,0,1.4573442506918306
Hist Gradient Boosting,277,3,1.8117789706151344
Hist Gradient Boosting,278,2,1.8117789706151344
Hist Gradient Boosting,279,1,1.3453060551280949
Hist Gradient Boosting,280,3,1.3110514154603103
Hist Gradient Boosting,281,3,1.508880322009082
Hist Gradient Boosting,282,1,1.6458127174844621
Hist Gradient Boosting,283,2,1.579710894550909
Hist Gradient Boosting,284,1,1.8117789706151344
Hist Gradient Boosting,285,3,1.488980413522098
Hist Gradient Boosting,286,0,1.7523183523889665
Hist Gradient Boosting,287,1,1.4818883976192228
Hist Gradient Boosting,288,3,1.7451139642363598
Hist Gradient Boosting,289,1,1.5578774130034272
Hist Gradient Boosting,290,2,1.4818883976192228
Hist Gradient Boosting,291,2,1.1544762623502078
Hist Gradient Boosting,292,3,1.4203976681889239
Hist Gradient Boosting,293,3,1.4051182070966473
Hist Gradient Boosting,294,3,1.3110514154603103
Hist Gradient Boosting,295,1,1.479329118843789
Hist Gradient Boosting,296,1,1.6505213104443388
Hist Gradient Boosting,297,1,1.5164182215007693
Hist Gradient Boosting,298,0,1.7971233382371514
Hist Gradient Boosting,299,3,1.3134474272057035
Hist Gradient Boosting,300,1,1.4859427345681957
Hist Gradient Boosting,301,2,1.500907243638091
Hist Gradient Boosting,302,0,1.450406290386258
Hist Gradient Boosting,303,3,1.3134474272057035
Hist Gradient Boosting,304,3,1.4749329515828868
Hist Gradient Boosting,305,2,1.376889980452955
Hist Gradient Boosting,306,0,1.519401897133885
Hist Gradient Boosting,307,0,1.6048281513852864
Hist Gradient Boosting,308,2,1.4581186495374916
Hist Gradient Boosting,309,2,1.7971233382371514
Hist Gradient Boosting,310,2,1.479329118843789
Hist Gradient Boosting,311,3,1.3888977977591657
Hist Gradient Boosting,312,2,1.1937917140396483
Hist Gradient Boosting,313,3,1.1544762623502078
Hist Gradient Boosting,314,0,1.6157522011986336
Hist Gradient Boosting,315,1,1.6679663150950295
Hist Gradient Boosting,316,3,1.3923163155613698
Hist Gradient Boosting,317,3,1.4573442506918306
Hist Gradient Boosting,318,1,1.8117789706151344
Hist Gradient Boosting,319,3,1.329962908364784
Hist Gradient Boosting,320,1,1.6323134381844215
Hist Gradient Boosting,321,3,1.3227565561232757
Hist Gradient Boosting,322,3,1.343584602258031
Hist Gradient Boosting,323,1,1.5578774130034272
Hist Gradient Boosting,324,3,1.1544762623502078
Hist Gradient Boosting,325,1,1.7971233382371514
Hist Gradient Boosting,326,0,1.7451139642363598
Hist Gradient Boosting,327,2,1.5706364443393739
Hist Gradient Boosting,328,1,1.450406290386258
Hist Gradient Boosting,329,0,1.657939221236493
Hist Gradient Boosting,330,0,1.6390316415493422
Hist Gradient Boosting,331,3,1.4387111916880502
Hist Gradient Boosting,332,1,1.5308061465584715
Hist Gradient Boosting,333,3,1.3243624148744444
Hist Gradient Boosting,334,3,1.336917390095369
Hist Gradient Boosting,335,2,1.666783790100228
Hist Gradient Boosting,336,2,1.5953444366128735
Hist Gradient Boosting,337,2,0.8626132772731997
Hist Gradient Boosting,338,0,1.3500877627800818
Hist Gradient Boosting,339,0,1.8040085501725145
Hist Gradient Boosting,340,1,1.6157522011986336
Hist Gradient Boosting,341,3,1.1658482798551015
Hist Gradient Boosting,342,2,1.4142729495375361
Hist Gradient Boosting,343,0,1.686134726330085
Hist Gradient Boosting,344,3,1.2797137116130757
Hist Gradient Boosting,345,2,1.479329118843789
